,documentid,paymentid,amount,date,vendor_names,vendor_address
0,00d0624439175,00p0535380313,72.9,0,MRDIYKUCHZAISDNBHD,"LOT 1851-A & 1851-B, JALAN KPB 6, KAWASAN PERINDUSTRIAN BALAKONG, 43300 SERI KEMBANGAN, SELANGOR"
1,00d0654270874,00p0432205035,43.9,16959,FOURQUARTERSSDNBHD,NO.28G JLN SS21/35 DAMANSARA UTAMA PETALING JAYA 47400 SELANGOR
2,00d0403711886,00p0174820163,32.23,17805,SYARIKATPERNIAGAANGIJKEE,"NO 290, JALAN AIR PANAS, SETAPAK, 53020, KUALA LUMPUR."
3,00d0956164753,00p0943784617,503.1,17613,TIMELESSKITCHENETESDNBHD,"LLT 50, FLOOR T2,SKY AVENUE GENTING HIGHLANDS PAHA NG, 690000 PAHANG MALAYSIA"
4,00d0667839698,00p0762437501,1110.0,16859,SINTHEYCOMPANY,"NO.54, BATU 5,JALAN IPOH, KG.BATU, 5110 KUALA LUMPUR"
5,00d0841246769,00p0690993010,7.7,17624,UNIHAKKAINTWERNATIONALSDNHBD,"12, JALN YAMPOI 7/4,KAWASAN PERINDUSTRIAN TANPOI,81200 JOHOR BHARU,JOHOR"
6,00d0414196980,00p0470919234,2.3,17604,ERSTORANWANSHENG,"NO.2, JALAN TEMENGGUNG 19/9, SEKSYEN 9, BANDAR MAHKOTA CHERAS, 43200 CHERAS, SELANGOR"
7,00d0726523245,00p0442551242,23.0,17648,MRDIYMSNBHD,"LOT 1851-A & 1851-B, JAL AN KPB 6, KAWASAN PERINDUSTRIAN BALAKONG, 43300 SERI KEMBANGAN, SELANGOR"
8,00d0320587587,00p0481647612,28.8,17919,SHHMOTORSUNGAIRENGITSDNBHD,"NO. 443, JALAN KURAU, SUNGAI RENGIT, 81620 PENGERAN, JOHOR."
9,00d0333208815,00p0637007543,8.2,17637,UNIHAKKAINTERNATIONALSDNBHD,"12, JALAN TAMPOI 7/4,KAWASAN PERINDUSTRIAN TAMPOI,81200 JOHOR BAHRU,JOHOR"
10,00d0330533884,00p0365532287,50.6,17397,GARDENIABAKERIESKPLSDNBHD,"LOT 3, JALAN PELABUR 23/1, 40300 SHAH ALWM,SELNAGOR."
11,00d0694627982,00p0501636084,101.75,17612,KHEELECTRICALTRADJNG,"33-G JALAN MAJU 3/1 TAMAN IEMBAH MAJU CHERAS, 56100 KL"
12,00d0408017404,00p0214917278,15.0,17332,AIKHUATHARDWAREENTERPRISESETIAALAMSDNBHD,"NO. 17-G, JALAN SETIA INDAH (X) U13/X, SET1A ALAM, SEKYSE N U13, 40170 SHAH ALAM,"
13,00d0447521528,00p0751195172,3.2,17686,MRDIYMSDNBHD,"LOT 1851-A& 1851-B, JALAN KPB 6, KAWASAN PERINDUSTRIAN BALAKONG, 4300 SERI KEMBANGAN, SELANGOR"
14,00d0194076657,00p0262820541,61.65,0,SPEEDMATRSB,"LOI P.T. 2811, JALAN ANGSA, TAMAN BERKELEY 41150 KLANG, SELANGOR 1320-TMN BATU"
15,00d0546591203,00p0593910902,2148.4,17528,SYARIKATPERNIAGAANGIKEE,"NO 290, JALAN AIR PANAS. SETAPAK, 5320, KUALA LUMPUR"
16,00d0116292534,00p0895990239,13.78,17354,GUARDIANHEALTHANDBEAUTYSDNBHD,"LOFT B-005-006, BASEMENT LEVEL 1 THE STARLING MALL JALAN SS21/60, DAMANSARA TUAMA."
17,00d0796308197,00p0407771995,28.0,17608,PASARMINIJINSEBNG,"3 79, JALAN PERMAS SATU, BANDAR BARUPERMAS JAYA 81750 PLENTOONG, JOHOR."
18,00d0992127574,00p0517597215,15.4,17443,RATRANGESTATIONERSPRINTSDMBHD,44 JALAN SS21/58 DAMANSARA UTAMA 47400 PETALING JAYA
19,00d0961798581,00p0463809068,20.0,17649,CHECKERSHYPERMARKEYSDNBHDJALANKLANGLAMA,"LOT 2942& 2945, JLN SERI SENTOSA 8, SERI SENTOSA, OFF JLN KLANG LAMA, 58000 KUALA LUMPUR."
20,00d0267909555,00p0882374522,42.5,17868,AFONCOMBHD,"3RD FKR, AEON TAMAN  MALURI SC JLN JEJAKA, TAMAN MALURI CHERAS, 55100 KUALA LUMPUR"
21,00d0973462000,00p0144991713,33.5,17177,SANYUSTATIONERYSHOP,"NO. 31G&33G, JLAAN SETIA INDAH X ,U13/X 4017 0 SETIA ALAM"
22,00d0280864237,00p0684214864,174.9,17621,KEDAIPAPANYEWCHUAN,"LOT 276 JLAN BANTINNG 43800 DENGKIL, SELANGOR."
23,00d0697219524,00p0587545672,21.0,17614,GOLDENKEYMAKER,"NO 5, JALAN KENARI 2, BANDARPUCHONG JAYA, 47100 PUCHONG, SELANGOR"
24,00d0145695018,00p0718364066,31.88,17233,GARDENIABAKERIESKLSDNBHD,"LOT 3, JAALN PELAVUR 23/1, 40300 SHAH ALAM, SELANGOR."
25,00d0330285744,00p0631203393,9.9,17528,MRDKKIYSDNBHD,"LOT 1851-A & 1851-B, JALAN KPB 6, KAWASAN PERINDUSTRIAN BALAKON G, 43300 SERUI KEMBANGAN, SELANGOR"
26,00d0477960526,00p0705646963,738.8,17560,KAISONFURNISHINGSDNBHD,"L4-17 (B), LEVEL 4, UP2-o1, MELAWATI MALL, 355, JALAN BANDAR MELAWATI, LUSAT BANDAR MELAWATI, 53100KUALA LUMPUR."
27,00d0955195431,00p0302498197,3.21,17425,GARDENIABAKERIESKLSDNBHD,"LOT 3, JALAN PEABUR 23/1, 40300 SHAHALAM, SELANGOR."
28,00d0167381962,00p0715847540,5.9,17612,EONCOMBHD,"3 FLOOR, AENO TAMAN MALURI SC JLN JEJAKA, TAMAN MALURI CHERAS, 55100 KUALA LUNMPUR"
29,00d0614628355,00p0431283627,6.7,17611,RESTORANWANSHENG,"NO.2, JALAN TEMENGUNG 19/9, SEKSYEN 9, BANXDAR MAHKOTA CHERSA, 43200 CHERAS, SELANGOR"
30,00d0761346037,00p0970401441,78.7,17319,YONGSOONFATTSB,"LOT 1504, BATU 8 1/2, JALAN KLANG LAMA, 46000 PETALING JAYA, SELANGOR."
31,00d0502129574,00p0167188091,48.35,17643,AEONCOMBHD,"3RD FLR, AEON TAMAN MALURI SC JLN JEJAKA, TAMAN MALURI CHERAA, 55100 KUALA LUMPUR"
32,00d0686078737,00p0323939555,6.0,17614,BHPFTROLPALEKBANG,"LOT 1626, MUKIM KAMPUNG LAUT TUMPAT 06200 PALEKBANG, KELANTAN"
33,00d0674212079,00p0529478577,35.0,17365,SANYUSTATUIONERYSHOP,"NO. 31G&33G, JALAN SETIA INDAH X ,U13/X 40170 SETIA ALAM"
34,00d0989196649,00p0523451307,2.12,17563,SYARIKATPERNIAGAANGINKEE,"NO 290, JALAN AIR PANAS, SETAPAK, 5320, KUALA LUMPUR."
35,00d0797361085,00p0576411363,31.32,17176,GARDENIABAKERIESKLSDNBHD,"LOT 3, JALAN PELABUR 23/1, 40300 SHAH ALAM, SELANGOR."
36,00d0592118004,00p0633720400,9.5,17617,ANZELADVERTISINGMSDNBHD,"UNIT G-5B, GROUND FLOOR, WISMA UOA II, NO 21, JALAN PINANG, 50450 KUALA LUMPUR, MALAYSIA"
37,00d0130065999,00p0329094365,0.0,17686,HASHAPETROKIOSK,LOT PTD 198718 TMN SIERRA P 81750 MASAI JOHOR
38,00d0781074499,00p0886705882,18.8,17637,FFAMILYMART,"NO 16A, JALANASTAKA U8/83, BUKIT JELUTONG. 40150 SHA H ALAM, SELANGGOR, D.E."
39,00d0682329345,00p0351654459,182.0,17492,SPEEDMARTSB,"LOT P.T. 281, JALAN ANGSA, TAMAN BERKELEY 41150 KLANG, SELANGOR 1214-JINJANG UTARA"
40,00d0523654121,00p0743746912,3.7,17592,SPEDAMRTSB,"LOT P. T. 2811, JALAN ANGSA, TAMAN BERKELEY 41150 KLANG, SELANGOR 1934-LAMAN RIMBUNAN"
41,00d0458708415,00p0181103497,36.3,17403,GARDENIABAKERISEKLSDNBHD,"LOT 3,JALAN PELABUR 23/1, 40300 SHAH ALAM, SELANGOR."
42,00d0868680143,00p0713529193,45.0,17336,FIEVSTARCASHCARRY,"G.23 & G.22, PLAZA SERI SETIA, N.1 JALAN SS 9/1, 47300 PJ, SSELANGOR."
43,00d0270398034,00p0947317720,58.86,17468,GARDENIABAKERIESKLSDNBHD,"LOT 3, JALAN PELABUR 23/1, 40320 SHAH ALAM, SEPANGOR."
44,00d0827589883,00p0857101566,100.6,0,TONMYOLYVIVACITY,"UNIT L1-44B, VIVACITY MEGAMAL, JALAN WAN ALWI, 93350 KUCHING, SARAWAK."
45,00d0757440459,00p0390461097,75.0,17685,AEONOCMBHD,"3RD FLR, AEON TAMAN MALURI SD JLN JEJAKA,TAMAN MALURI CHERAS, 55100 KUALA LUMBUR"
46,00d0821795963,00p0364950070,11.2,17656,UNIHAKKAINTERNATIONALSDNBHD,"12, JALAN TAMPOI 7/4,KAWASAN PERINDUSTRIAN TAMPOI,8120 JOHOR BAHRU,JOHOR"
47,00d0234070159,00p0159757151,20.5,17533,MYHAPBYPHARMACYPLT,"NO 12 GF, JALAN MAMANDA 5,TAMAN DATO AHMAD RAZALI, JALAN AMPANG, 6800 AMPANG, SEALNGOR."
48,00d0355426817,00p0795255653,25.0,17634,GHEEHIANGGHCDISTRIBUTORMARKETINGSDNBHD,"95 , BEACH ROAD, 10300 PENANG. 1040 PNANG."
49,00d0529128132,00p0289935651,11.4,17673,UNIHAKKAINTERNATIONALSDNBHD,"12, JALAN TAMPOI 7/4,KAWASANN PERINDUSTRIAN TAMPOI,8120 JOHOR BAHRU,JOHOR"
50,00d0533588228,00p0909399571,88.2,17604,PASARAYABORONGPINTARSDNBHD,"NO 19-G& 19-1& 19-2 JALAN TASIK UTAMA 4, MEDAN NIAGA TASIK DAMAI"
51,00d0749666123,00p0842405134,7.0,17268,FYEAGLEENTERPRISE,"NO. 42, JALAN PBS 14/11, TAMAN PERINDUSTRIAN BUKIT SERDANG, 43300 SERI KEMBANGAN, SELANGOR"
52,00d0630325043,00p0639094736,39.75,17563,SYARIKATPERNIAGAANGINKEE,"MNO 290, JALAN AIR PANAS, SETAPAK, 53200, KUALA LUMPUR."
53,00d0266020596,00p0596184018,141.5,17653,SPEEDMARTSB,"LOT P.T. 2811, JALAN ANGSA, TAMAN BERKELEY 41150 KLANG, SELANGOR 1317 TRILLIUM S6 BESI"
54,00d0975647950,00p0767986934,2.23,17669,GUARDIANHEALTHANDBEAUTYSDNBHD,NO 15 JALAN BANDAR RAWANG 10 BANDAR BARU RAWANG
55,00d0484942812,00p0430352391,99.0,0,ASOELECTRICALTRADINGSDBNBHD,"NO 31G, JALAN SEPADU C 25/C, SECTION 25, TAMAN INDUSTRIES, AXIS  40400 SHAH ALAM, SELANGOR."
56,00d0708429922,00p0327748806,14.74,17460,GARDENIABAKERIESKLSDNBHHD,"LOT 3, JALAN PELABUR 23/1, 4030 SHAH ALAM, SELANGOR."
57,00d0543406251,00p0787809275,3.0,17508,SANYUSTATIONERYSHOP,"NO. 31G&3G, JALAM SETIA INDAH X ,U13/X 40170 SETIA ALAM"
58,00d0363399593,00p0290349052,37.1,0,MRDIYMSDNBHD,"LOT 1851-A & 1851-B, JALAN PKB 6,KAWASAN PERINDUSTRIAN BALAKONG, 43300 ZERI KEMBANGAN, SELANGOR"
59,00d0920231897,00p0316248340,65.0,17366,SANYUSTATIONERYSHOP,"MO. 31G&33G, JAOAN SEITA INDAH X ,U13/X 40170 SETIA ALAM"
60,00d0855903342,00p0127064157,2133.0,17579,SPEEDMARTSB,"LOT P. T. 2811, JALAN ANGSA, TAMAN BER KELEY 41150 KLANG,SELANGOR 1181-TMN SRI SINZR"
61,00d0196808024,00p0748973674,2.0,17293,SANYVSTTAIONERYSHOP,"NO. 31G&3G, JLAAN SETIA INDH X ,U13/X 40170 SETIA ALAM"
62,00d0212522180,00p0436073629,153.35,17867,TEDHENGSTAITONERYBOKE,"NO. 53, JALAN BESAR, 45600 BATANG BERJUNTAI SELANGOR DARUL EHSAN"
63,00d0282395578,00p0703711097,5.0,17366,SANYUSTATIONERYSHOP,"NO. 31G&33G, JAALAN SETIA INDAH X ,U13/X 40170 SETIA ALAKM"
64,00d0668346631,00p0565040471,108.5,17579,SPEEDMARTSB,"LOT P. T. 2811, JALAN ANGSA, TAMAN BERKELEY 41150 KLANG, SELANGOR 13622-JLN DEVELOPMENT"
65,00d0806991732,00p0575374416,62.6,17442,GAARDENIABAKERIESKLSDJNBHD,"LOT 3, JALAN PELABUR 24/1, 40300 SHAH ALAM, SELANGOR."
66,00d0648982621,00p0264398028,17.7,17581,AEONCOMHD,"3RD FLR, AEON TAMAN MALURI SC JLN JEJAKA, TAMAN MALURI CHERAS, 55100 KUALA LUMPUR"
67,00d0530467663,00p0766439337,4.0,17675,GUARDIANHEALTHANDBEAUTYSDNBH,NO 15 JALAN BAMDAR RAWANG 10 ABNDAR BARU RAWANG
68,00d0449236994,00p0685888573,21.4,17447,TRISHAASSDNBHD,"4-20, JALAN RIA 255/62 TAMAN SRI MUDA SEKSYEN 25, 40400 SHAH ALAM SRLANGOR"
69,00d0288011947,00p0295207206,1.1,17676,GERBABGALAFRESGTAURANTSSDNNBHD,"LEVEL 6, BANUGNAN TH,DAMANSARA UPTOWN3 NO.3, JALAN SS21/39,47400 PETA ING JAYA SELANGOR"
70,00d0837897960,00p0497880322,53.5,17683,LIANCHIPUTIANVEGETARIANRESTAURANTSDNBHD,"54,JALAN SS23/11 TAMAN SEA,47400 PETALING JAYA,SELANGOR"
71,00d0266548523,00p0113258314,99.78,17417,KIKQOHANDELSDNBHD,NO 2A JALAN COCHRNAE TAMAN MALURI 551000 KUALA LUMPUR
72,00d0114026522,00p0156234747,12.72,17544,SARIKATPERNIAGAANGINKEE,"NO 290, JALAN AIR PANAS, SETAPAK, 5320, KUALA LUMPUR."
73,00d0945045450,00p0396091414,41.5,17642,METAIINIITALSDNBHD,"NO.37-1, PLAZA DANAU DESA 2, JALAN 1010F, TAMAN DANAU DESA, 58100 KUALA LUMPUR."
74,00d0158328888,00p0468345627,88.2,17595,UNIHAKKAINTERNATIONAKLSDNBHD,"12, JALAN TAMPOI 7/4,KAWASAN PERINDUSTRIAN TAMPOI,81200 JOHOR BABRU,JOHOR"
75,00d0388872730,00p0952103823,9.74,17842,DIMILIKIOLEHTPLUSFBSDNBHD,"PARADIGM MAKLL LOT NO.: 4F-27 & 4FK-38, 4TH FLOOR"
76,00d0760612254,00p0606612760,11.8,17837,PPOPULARBOOKCOMSDNBHD,"NO 8, JALAN 7/118B, DESA TUN RAZAK 56000 KUALA LUMPUR, MALAYXIA AMPANG POINT CENTRE"
77,00d0975647472,00p0733503960,339.87,17462,GARDENIABAKERIESKLDNBHD,"LOT 3, JALZZAN PELABUR 23/1, 40300 SHAHALAM, SELANGOR."
78,00d0678943517,00p0868921215,39.9,17619,TONMOLYVIVACITY,"UNIT L1-044B, VIVACITY MEGAMALL, JALAN UAN SALWI, 93350 KUCHING, SARAWAK."
79,00d0749169797,00p0421489461,41.44,17406,GARDENIABAKERIESKLSDNBHD,"OT 3, JALAN PELABUDR23/1, 40300 SHAH ALAM, SELANGOR."
80,00d0202261292,00p0572402856,2650.0,17449,ELKENSERVICCESDNHD,NO 2-1 JALAN 3/137B BATU 5 JALAN KELANG LAMA 580000 KUZAL A LUMPUR
81,00d0582681704,00p0141747649,29.8,17652,FUNNCHEERMALURI,"LOT 37636 , JALAN 6/37A, TAMAN BUKIT MALURI , 52100 KUALA LUMPU"
82,00d0911031443,00p0930146937,0.0,17808,BHPETROLPERMASJAYA,"LOT PTD 101051 JALAN PERMAS 10/10 81750 MASAI, JOHOR"
83,00d0685723809,00p0488512748,9.5,17640,RCVENTURESDNBHD,"LOT-18A-2, BERJYAA TIMES SQUARE, KUALA LUMPUR."
84,00d0891802782,00p0395064343,2.8,17511,RESTIORANWANSHENG,"NO. 2, JALAN TEMENGGUNG 19/9, SEKSYEN 9, BANDAR MAHKOTA CHERAS, 43200 CHERAS, SELANGOR"
85,00d0887482293,00p0455158412,51.2,17296,GARDENIABAKERIESKLSDNBHD,"LOT 3, JALAN  PELBUR 23/1, 40300 SHAH ALAM, SELANGOR."
86,00d0202365816,00p0890122898,119.7,17605,MRDIYKUCHAISDNBHD,"LOT 1851-A & 1851-B, JALAN KPB 6, KAASANPERINDUSTRIAN BALAKONG, 43300 SERI KEMBANGAN, SELANGOR"
87,00d0485758378,00p0675676803,133.25,17563,SYARIKATPERNIAGAANGINKEE,"NO 290, JALAN AIRR PANWS, SETAPAK, 53200, KUALA LUMPUR."
88,00d0384870576,00p0143181640,41.95,17549,BHPETROLSUBANGAIRPORT,JALAN LAPANGAN TERBANG ZSUBANG 4720 SUBANG SELANGOR
89,00d0237756126,00p0406807023,8.7,17362,SANYUZTATIONERYSHOP,"NO. 31G&33G, JAALN SETIA INDAH X ,U13/X 4 0170 5ETIQA ALAM"
90,00d0737345187,00p0131088902,7.5,17199,KIMGSCONFECTIONERYSB,"LOT NO. G23, GIANT KELANA JAYA LOT PT244, JLN PERBANDARAN S6/4 PUSAT BANDAR KELANA JAYA, PETALING"
91,00d0782503250,00p0472611138,30.9,17649,DOMINOSPIZA,"DOMINO'S PIZZA TAMMAN UNIVERSITI 30, JLN  KEBUDAYAAN 7, TMN UNIVERSITI 81300 SKUDAI, JOHOR"
92,00d0396057665,00p0505228756,83.0,17613,ADVANCOCOMPANY,"NO 1&3, JALAN WAGNSA DELIMA 12, WANGSA LINK, WANGSA MAJU, 53300 KUALA LUMPUR"
93,00d0785646736,00p0541259561,4.8,0,RESTORANWANSHENG,"NO.2, JALAN TEMENGGUNG 19/9, SEKSYEN 9, BANDAR M AHKOTA CHERAS, 43200 CHERAS, SELANGOR"
94,00d0354051709,00p0287204728,374.2,17564,LEEWAHFLORIISTSDNBHD,"129, JALAN TUN H.S LEE, 50000 KUALA LU MPUR."
95,00d0929882897,00p0685777448,42.18,0,GARDENIABAKERIESKLSDNBHD,"LOT 3, A JLAN PELABUR 23/1, 40300 SAH ALAM, SELANGOR."
96,00d0511840834,00p0790633732,3.9,17457,MRDITSDNBHD,"LOT 1851-A & 1851-B, JALAN KPB 6, KAWASAN PERINDUSTRIAN BALAKONG, 43300 SERII KEMBANGAN, SELANGOR"
97,00d0627357411,00p0476388910,14.99,17614,MRDIMSDNBHD,"LOT 1851-A & 1851-B, JALAN KPB 6, KAWAASAN PERINDUSTRIAN BALAKONG,43300 SERI KEMBANGAN, SELANGOR"
98,00d0192025858,00p0326364881,19.32,0,GARDENIABAKERIESKLSDNBHD,"LOT 3, JALANPLABUR 23/1, 40300 SHAH ALAM, SELANGOR."
99,00d0889453684,00p0880117618,55.15,17838,POPULARBOOKCOMSDNBHD,"NO 8, JALAN 7/118B, DESA TUN RAZAK 56000 KUALA LUMPUR, MALAYSI."
100,00d0358154075,00p0879802402,2.9,17358,SANYUSTATIONERYSHOP,"NO. 31G&3G, JALAN SETIA INDAH X ,U13/X 40170 SETIA ALAM"
101,00d0871332887,00p0499564866,174.9,17607,KEDAIPAPPANYEWCHUA,"LOT 276 JALAN BANTING 43800 DENGKIL, SELANBGOR."
102,00d0799986048,00p0608772782,104.0,17778,GLHANDICRAFTTAIIORING,"19, JALAN KANCIL, OFF JALAN PUDU, 55100 KUALA LUMPUR MALAYSIA"
103,00d0233173701,00p0323056253,11.25,17639,BRERYSCAKEHOUSE,"NO.1, JON PUERI 1/6, BANDAR PUTERI, 47100 PUCHONG, SELANGOR"
104,00d0201833623,00p0324871412,73.3,17523,IKKANOHANDELSDNBH,NO 2A JALAN COCHRNAE TAMAM MALURI 55100 KUALA LUMPUR
105,00d0477553790,00p0121022990,148.0,17362,KSTATIONERYOFFICESUPPLIES,"NO.9, JALAN MANIS 3, TAMAN SEGAR CHERAXS, 56100 KUALA LUMPUR."
106,00d0532350198,00p0316824870,176.0,17777,RESTAURAANTSINDU,"K3-113, JL IBRAHIM SULTAN 80300 JOHOR BAHRU JOHOR"
107,00d0196984382,00p0871887790,111.9,0,COSWAYMSDNBHD,"2ND FLOR, WISNA COSWAY, JALAN RAJA CHULAN, 0520 KUALA LUMPUR, MAKLAYSIA."
108,00d0568013096,00p0593273757,28.45,17565,GERBANGALAERESTAURANTSSDNGHD,"LEVEL 6, BANGUNAN TH, DAMANSARSA UPTOWN3 NO.3, JALAN SS21/39, 47400PETALING JAYA SELANGOR"
109,00d0416368925,00p0844243948,14.1,17529,SAMSAMTRADINGCO,"67,JLN MEWAH 255/63 TMN SRI MUDA, 40400 ZHAH ALAM."
110,00d0119878906,00p0475075321,6.7,17748,OMINOSPIZATAMANUNIVERSITI,"30, JLN KEBUDAAYAN 7, TMN UNIVERSIT I 81300 SKUDAI, JOHOR"
111,00d0721665358,00p0428826590,270.0,17686,SELASIHEKSLUUSIFSDNBHD,88 JALAN IBRAHIM SULTAN STULANG LAUT 80300 JOHOR BAHRU
112,00d0225816395,00p0798758050,7.1,17395,GARDEINABAKERIESKLSDNNHD,"LOT 3, JALAN PELABUR 23/1, 4030 SHAH ALAM, SELANGOR."
113,00d0164592408,00p0832340464,56.0,17654,RSTROANWANSHENC,"NO.2, JAPLAN TEMENGGUNG 19/9, SEKSYEN 9, BANDAR MAHKOTA CHERAS, 432000 CHERAS,SELANGOR"
114,00d0375035482,00p0789905639,51.9,17778,ENWHARDWARECENTREMSDNBHD,"NO: G3, BLK G, JLN PJU 1A/3, ARA DAMANSARA, 47301 PETALING JAYA, SEKANGOR DARUL EHSAN."
115,00d0973066652,00p0929343672,327.0,18201,SOONHUATMACHINERYENTERPRISE,"NO.53 JALAN PUTRA 1, TAMAN SRI PURA, 8120 JOHOR BAHRU JOHORR"
116,00d0558270937,00p0929145824,8.2,17630,UNIHAKKAINTERNATIONALSDNBHD,"12, JALAN TAMPOI 7/4,KAWASAN PERINDUSTRIAN TAMPOI,81200 JOHORBAHRU,JOHOR"
117,00d0400479663,00p0585305120,44.73,17622,SYARIKATPERNIAGAANGINKEE,"NO 290, JALAN AIR PANAS, 5ETAPAK, 53200, KUALA LUMPUR."
118,00d0676485252,00p0410626928,7.6,17612,UNIHAKKAINTERNATIONALSDNBHD,"12, JALAN TAMPOI 7/4,KAWASAN PERINDUSTRIAN TAMPIO,8120 JOHOR BAHRU,JOHOR"
119,00d0948483091,00p0456014834,12.5,16913,MRDIYKUCHAISDNBHD,"LOT 1851-A & 1851-B, JALAN KPB 6, KAAWSAN PERINDUSTRIAN BALAKONG, 43300 SERI KEMBANGAN, SELANGOR"
120,00d0876488640,00p0891541643,3.0,0,MRDIYKUCHAAISDNBHD,"LOT 1851-A & 1851-B, JALAN KPB 6, AWASAN PERINDUSTRIAN BALAKONG, 43300 SERI KEMBANGAN, SELANGOR"
121,00d0879733105,00p0406860767,78.3,17011,ECOSEAYCOMSDNBHD,"2ND FLOOR, WISMA COSWAY, JALAN RAJA CHULAN, 50200 KUALA LUMPUR, MALAYSIA."
122,00d0705950948,00p0771144945,46.6,17388,GADRENIABAKERIESKLSDNBHD,"LO 3, JALAN PELABUR 23/1, 40300 SHAH APAN, SELANGOR."
123,00d0641642649,00p0253348338,41.85,17245,BBESTRESTARUANT,"NO.12, JALAN S4C/5,PETALING JAYA SELANGOR DARUL EHSAN"
124,00d0449498451,00p0846025533,3.1,17608,GEBRANGALAFRESTAURANTSSDNBHD,"LEVEL 6, BANGUNAN TH, DAMANSARA UPTOWN3 NO.3, JALAN SS21/39, 47400 PETALING JAYA  SELANGOR"
125,00d0627737900,00p0429607399,28.9,17468,SUBANGHEALTHCZRESDNBHD,"B-8, JALAN SS15/4D, 47500 SUBANG JYA, SELANGOR"
126,00d0453226524,00p0609332035,191.2,17300,BENEDSPSCDNBHDD,"NO.49, JALAN DINNAR G U3/G, S UBANG PERDANA, 40150SHHA ALAM, SEOANGOR D.E."
127,00d0218523505,00p0483119183,24.83,17372,GARDENIABAKERIESKLSDNBHD,"LOT 3, JALANPELABUR 023/1, 403U0 SHAH ALAM, SELANGOR."
128,00d0258506946,00p0373031050,142.0,17747,THECOFFEEBEANTEALEAFSDNBHD,"LOT F36, FIRST FLOOR, AEON MAL BDR DATO' ONN, NO.3 JLN DATO' ONN 3, BDR DATO' ONN81100 JOHOR BAHRU, JOHOR"
129,00d0717257644,00p0740502978,722.0,17171,SYYSTATIONERY,"MO. 36G JALAN BULAN BM U5/BM, BANDAR PINGIRAN SUBANG, SEKSYEN U5, 40150 SHAHH ALA, SELANGOR."
130,00d0316894686,00p0126236824,7.19,17776,LIMSENGTHOHARDWARETRADING,"NO 7, 8IMPANG OFF VATU VILLAGE, JALAN IPOH BATU 5, 51200 UALA LUMPUR MALAYSIA"
131,00d0401609886,00p0332022628,34.21,17461,GARDENIABAKERISEKLSDNBHD,"LOT 3, JALAN PELABUR 33/1, 40300 SHAH ALAM, SELANGOR."
132,00d0774018859,00p0338190731,4.25,17866,PRONTEXPERTSDNBHD,"NO 18, 20, 22, JALAN BUNGA TANJONG 3/16, 40000 SHAH ALAM,  SELANGOR"
133,00d0183401385,00p0778877603,587.8,17807,WARAKUYAPERMASCITYSDNBHD,JALAN PERMAS UTARA 1 PERMASS JAYA 81750 MASAI JOHOR
134,00d0270792056,00p0396596494,25.0,17671,FRMASILIGAMAS,"NO. 47, JALAN MERANTI 1A, BANDAR BARU UTAMA, 44300 BATANG KALI, SELANGOR."
135,00d0497274391,00p0178142255,8.7,17326,SWANYUSTATIONERYSHOP,"NO. 31G&33G, JALAN SETIA INDH X,U13/X 40170 SETIA ALM"
136,00d0773577731,00p0569716400,53.9,17606,MRDIYKHCUHAIDNBHD,"LOT 1851-A & 1851-B, JALAN KPB 6, KAWASAN PERRINDUST RIAN BALAKONG, 4330 SERI KRMBANGAN, SELANGOR"
137,00d0844818369,00p0738284804,88.0,17658,UNIHAKKAINTERNATIONALSDNBHD,"12, JALAN TAMPOI 7/4,KAWASAN PERINDUSTRIAN TAMPOI,81200 JOHOR BAHRU,JOOR"
138,00d0390662905,00p0298874640,77.2,17868,BENSINDEPENDENTGROCERSDNBHD,"LOT 6, JALAN BATAI, PLAZA BATAI, DAMANSARA HEIGHTS 50490, KUALA LUMPUR"
139,00d0271842165,00p0380985762,270.3,17867,SYARIKATPERNIAGAANGINKEE,"NO 2910, JALAN AIR PNAS, SETAPAK, 5320, KUALA LUMPUR."
140,00d0601744334,00p0727962579,36.55,17434,GADRDENIABAKERIESKLSDNBHD,"LOT 3, JALAN PELABUR 23/1, 40300 SHAH ALAM, SELANGOR."
141,00d0834036599,00p0457825841,12.0,17617,LIANHINGSTATIONERYSDNBHD,"NO.32 & 33, J ALAN SR 1/9, SEKSYEN 9, TAMAN SERDANG RAYA, 43300 SERI KEMBANGAN, SELANGOR DARUL EHSAN"
142,00d0617357249,00p0815486598,969.9,17678,AEONCOMBHD,"3RD FLR, AEON TAMAN MALURI SC J LN JEJWKA, TAMAN MALURI CHERAS, 51500 KUALA LUMPUR"
143,00d0328708236,00p0164478029,248.55,17436,ASOELECTRICALTARDINGSDNBHD,"NO 31G, JALAN SEPADU C 25/C, SECTION 25, TAMAN INDUSTRIES, AXIS 4040 SHAH ALAM, SELANGIR."
144,00d0286887687,00p0939582306,47.7,17268,SYARIKATPERNIAGAANGINKEE,"NO290, JALAN AIR PANAS. SETAPAK, 53200, KUALA LUMPUR"
145,00d0776440475,00p0197654311,8.7,17443,SANYUSTATIONERSHOP,"NO. 31G&33G, JALAN SETIA INDAH X ,U13 /X 40170 SETIA ALAM"
146,00d0881334709,00p0458467488,4.9,17549,TOHENGSTATIONERYBOOKS,"NO. 53, JALAN BRESAR, 456000 BATANG BERJUNTAI SELANGOR DARUL EHSAN"
147,00d0485821436,00p0710003558,278.7,17652,SUNFISH,22 LRG PEFUSAHAN 4 KMPAL INDS.PARK B.CAVES
148,00d0570374781,00p0789062046,4.4,17869,AOENCOMHD,"3RD FLR, AEON TAMAN MALURI SC JLN JEJAKA, TAMAN MALURI CHERAS, 55100 KUALA LUMPUR"
149,00d0967073777,00p0550225072,57.9,16824,MRDIYKUCHAISDNBHD,"LOT 1851-A & 1851-B, JALAN KPB 6, KAWASAN PERINNDUSTRIAN BALAKONG, 43300 SERI KEMBANGAN, SELANGOR"
150,00d0527382713,00p0547259916,93.7,17563,SYARIKATPERNIAGAANGINKEE,"NO 290, ALAN QIR PANAS, SETAPAK, 53200, KUALA LUMPUR."
151,00d0463604996,00p0107313578,8.77,17611,UNIHAKKAINTENRATIONALSDNBHD,"12, JALAN TAMPOI7/4,KAWASAN PERINDUSTRIAN TAMPOI,81200 JOHOR BAHRRU,JOHOR"
152,00d0737981299,00p0209872251,112.5,16943,MRDIYMMSDNBHD,"LOT 1951-A & 1851-B, NJALAN KPB 6, KAWSAAN PERINDUSTRIAN BALAKONG, 43300 SERI KEMBANGAN, SELANGOR"
153,00d0680000515,00p0158739552,83.5,17714,GARDENIABAKEIRESKISDNBHD,"LOT 3, JALAN PELABUR 23/1, 4000 SHAH ALAM, SELANGOR."
154,00d0680178711,00p0287016853,2875.9,17648,RESTORANSIAMMVILAGE,"NO.8,JALAN PERMAS 10/7, PERMAS JAYA, 81750 JOHOR BAHRU ."
155,00d0992959314,00p0920137607,28.54,0,ERBANGALAFRESTAURANTSSDNBHD,"LEVEL 6, BANGUNAN TH, DAMANSARA UPTOWN3 NO.3, JALAN SS21/39, 47400 PETALING JAYA SELANGOR"
156,00d0106074517,00p0402988794,5.0,17651,MDIYMSDNBHD,"LOT 1851-A & 1851-B, JALAN KPB 6, KAWASAN PERINDUSTRIAN HBALAKONG, 43300 SERI KEMBANGAN, SELANGO"
157,00d0901837324,00p0519881698,60.3,17823,INDAHGIFTHOMEDECO,"27, ALAN DERDAP 13, TAMAN JOHHOR JAYA,81100 JOHOR BAHRU, JOHOR."
158,00d0471591245,00p0470434241,74.9,17636,PASARMINIJINSENG,"379, JALAN PERMAS SATU, BANDAR BADU PERMAS JAYA 81750 PLENTONG, JOHOR."
159,00d0668503128,00p0144308456,41.45,17615,WATSONSPERSONALCARESTORESSDNBHD,"USJSUMMIT, SUBANG (S)"
160,00d0281320276,00p0651483374,39.82,17490,LIGHTROOMGALLERRYSDNBD,"NO: 28, JALAN ASTANA 1C, BANDAR BUKIT RAJA, 41050 KLANG SELANGOR D.E, MALAYSIA"
161,00d0307768744,00p0328550583,2.1,17647,MRDIYMSDNBHD,"LOT 1851-A & 1851-B, JALAN KPB 6, KAWASAN PERINDUSTRIAN BALAOKONG, 43300 SERI KEMBANGAN, SELANGOR"
162,00d0393260166,00p0554021435,3.8,17453,AGRDENIABAKERIESKLSDNBHD,"LOT  3, JALAN PELABUR 23/1, 40300 SHAH ALAM, SELANGOR."
163,00d0724729985,00p0274447429,2.56,17107,GUARDINHEALTHANDBEEAUTYSDNBHD,"LOT F/L2A.4, LEVEL 2A FIRST WOTRLD PLAZA, FIRST WORLD"
164,00d0457456115,00p0245081950,30.3,17576,SWEETFORESTCAFFE,"NO 21, JLN UBNGA KANTAN TAMAN P. RAMLEE SETAPAK 53000 KUALA LUMPUR"
165,00d0987973134,00p0358311645,31.6,17672,FTOFNOODLEHOUSE,"NO.25, JALAN METRO PERDANABARAT 2, TAMAN USAHAWAN KEPOBG, KEPON G UTARA, 52100 KUALA LUMPUR."
166,00d0394257241,00p0705181921,53.98,0,THFEESTOGES,"109, SS21/1A, DAMANSARA UTAMA"
167,00d0864219792,00p0901498238,3.0,17286,AMANOMALAYSIASDNBHD,12 JALAN PENGACARA U1/48 TEMASYA INDUSTRIAL ARK 40150 SHAH ALAM SELANGO R
168,00d0474678678,00p0422342187,38.37,17670,GUARDIANHEALTHANDBEAUTYSDNBHD,JALAN LOKE YEW BENTONG 90 GROUND FLOOR JALAN BENTTOGN
169,00d0396141876,00p0313429065,39.0,17807,ENWHARDWARECENTEEMSDNBHD,"NO: G3, BLK G, JIN PJU 1A/3, ARA DAMANSARA, 47301 PETALING JAYA, SELANGOR DARUL EHSAN."
170,00d0778866561,00p0364948073,9.3,17488,XANYUSTATIONERYSHOP,"NO. 31G&33G, JAL AN SETIA INDAH X ,U1/X 40170 SETIA ALAM"
171,00d0708763656,00p0162188711,42.9,17579,RJDIYMDNBHD,"LOT 1851-A & 1851-B, JALAN KPB 6, KAWASAN PERINDUSTRIAN BALAKONG, 4330 SERI KEMBANGAN, SELANGOR"
172,00d0510871247,00p0985778261,29.59,17234,GARDENIABAKERIESKLSDNBHD,"LOT 3, JALAN PELABUR 23/1, 4030 SHAH ALAM, SEANTGOR."
173,00d0828214133,00p0777159026,47.2,17555,SYARIKATPERNIAGAANGINKE,"NO 290, JALAN AIR PANAS, SETAPAK, 53200, KUALA LUMPUR."
174,00d0339705365,00p0118733917,18.8,17316,VIVOPACMARKETINGSDNBYHD,14 JALAN MANIS 4 TAMAN SEGAR 56100 KL
175,00d0242626168,00p0266521309,4.0,17548,ADVANCOCOMPANY,"NO 1&3, JALAN WANGSA DELIMA 12, WANGSA LINK, WANGSA MAJU, 53300 KUALA LUMPPUR"
176,00d0842605090,00p0361820655,5.9,17437,GARDENIABAKERIESKLSDNBHD,"LOT 3, JALAN PELABUR 23/1, 40300 SHAH ALAM, SELANGOR."
177,00d0552638268,00p0884622202,31.45,17713,PPULARBOOKCOMSDNBHD,"NO 8, JAIAN 7/118B, DESA TUN RAZAK 56000 KUAALA LUMPUR, MALAYSIA KL FESTIVAL CITY MALL"
178,00d0250566763,00p0560082351,217.0,17222,BEMEDSPSDNBHD,"ON.49, JALAN DINAR G U3/G, SUBANG PERDANA, 40150 SHAH ALAM, SEIANGOR D.."
179,00d0338548353,00p0196022268,39.6,17649,DOMINOSPIZZA,"DOMINO'S PIZZA TAMAN UNIVERSITI 30, JLN KEBUDAYAAN 7, TMN UNIVERSITI 81300 SKUDAI, JOHOR"
180,00d0118393124,00p0146659663,22.5,17589,URBANIDEASDNHBHD,"A-G-06, DATARAN GLOMAC, JJALAN SS6/5A, PUSAT BANDAR KELANA JAYA, 47301 PETALING JAYA, SELANGOR,MALAYSIA"
181,00d0272306272,00p0452020039,10.0,0,SNWAYUSTATIONERYSHOP,"NO. 31G&33G, JALAN SETIA INDAH X ,U13/X 40170 SETIA ALAM"
182,00d0710387537,00p0987799985,25.51,0,KINGSCONFEGTIONERYSB,"NO.41, JALAN SERI BINTANG 2 TAMAN SRI BINTANG, 52100 KUALALUMPUR."
183,00d0150882989,00p0217490225,45.35,17714,SPEEDMATSB,"LOT P.T. 2811, JALAN ANGSA, TAMAN BERKELEY 41150 KLANG, SELANGOR"
184,00d0207985673,00p0478149787,17.5,17253,SANYUSTATIOONERYSHOP,"NO. 31G&3G, JALAN SETIA INDAY X ,U13/X 40170 SETIA ALAM"
185,00d0500910371,00p0312399628,24.3,17608,YAMFRESH,"NO. 145G, JALAN RIMBUNAN RAYA 1, LAMAN RIMBUANN KEPONG, 52100 KUALA LUMPUR"
186,00d0921271701,00p0293364892,82.0,0,TANJONGMASBOOKCENTREPJSDNBHD,"LOT F15, GIANT BANDAR PUTERI JALAN PUTERI 1/1, BDR PUTERI 47100 PUCHONG, SELANGOR"
187,00d0757215171,00p0977532734,81.8,17638,YHMAEONTEBRAUCITY,"S117, SECOND FLOOR, AEON TEBRAU CITY, 1, JALAN DESA TEBEAU, TAMAN DESA TEBRAU, 81700 JOHOR BAHRU, JOHOR."
188,00d0977582300,00p0556511305,2.9,17776,AEONCOMBHD,"3RD FLR, AEON TAMAN MALURI SC JLN JEJAKA, TAMAN MALURI VCHERAS, 5100 KUALA LUMPUR"
189,00d0363991072,00p0512589757,22.0,17646,IKANOHANDELFDNBD,NO 2A JALAN COCHRANE TAMAN MALURI 5100 KUALA LUMPUR
190,00d0423671916,00p0678296416,22.56,17428,GARDENIABAKERIESKLSDNBHD,"LOT 3, JALANPELA BUR 23/1, 40300 SHHAH ALAM, SELANGOR."
191,00d0166687964,00p0487555692,82.68,17562,SYARIKATPRNIAGAANGINKEE,"NO 290, JALAN AIR PANAS, SETAPAK, 53200, KUALA LUMPUR."
192,00d0733466225,00p0768405500,277.0,17380,HONHWAHARWDARETRADING,"NO 37, JALAN MANIS 7, TAMAN SEGAR, 5610 CHERAS, KUALA LUMPUR."
193,00d0916574976,00p0837861865,10.6,17608,NRDIYSDNBHD,"LOT 1851-A & 1851-B, JALAN KPB 6, KAWASAN PERINDUSRTIAN BALAKONG, 43300 SERI KEMBANGAN, SEELANGOR"
194,00d0459172796,00p0242269339,54.15,17295,GARDENIABAKERIESKLSDNBHD,"IOT 3, JALAN PELABUR 23/1, 4030 SHAH ALAM, SELANGOR."
195,00d0849221655,00p0164078827,71.9,17565,MRDIYMSRDNBHD,"LOT 18551-A & 1851-B, JALAN KPB 6, KAWASAN PERINDUSTRIAN BALAKONG, 43300 SERI KEMBANGAN, SELANGOR"
196,00d0464742744,00p0315358171,12.0,17429,SAYUSTATIONERYSHOP,"NO. 31G&33G, JAALAN SETIA INDAH X ,Y13/X 40170 SETIA ALAM"
197,00d0845867211,00p0369823709,12.0,17261,BILLIONSIXENTERPRISE,"NO 3, JALAN TAMAN JASA 2, SECTION U6, 40510 SHAH ALAM."
198,00d0320901819,00p0750455858,52.8,17670,TFVALUEMARTSDNBHD,JALAN TRAS BATU 1 2870 BENTONG PAHANG DARUL MAKMUR.
199,00d0972867846,00p0788987435,39.9,17675,FIGHTOUNCECOFFEECO,"F.K06, FIRST FLOOR, TEH GARDENS MALL, MID VALLEY CITY, LINGKARAN SYED PUTRA, 59200 KUALA LUMPUR."
200,00d0738014969,00p0392985097,174.9,17593,THREESTOOGES,"109, SS21/1A, DAMANSAAR UTAMA"
201,00d0877220068,00p0580993464,233.56,17454,GARDENIABAKERIESKLSDNBHD,"LOT 3, JALAN EPLABUR 23/1, 40300 SHANH ALAM, SELANGOR."
202,00d0485748096,00p0348382420,552.8,16862,SPEEOMARTSB,"LOT P.T. 3198, BATU 4 JALAN KAPAR, MUKIM KAPAR 42100 KLANG, SELANGOR 1320-TMN BATU"
203,00d0768446621,00p0310542528,14.65,17684,POPULARBOOKCOMSDNBHD,"NO 8, JALAN 7/118B, DESA TAN RAZAH 56000 KUALA LUMPUR, MALAYSIA KSL CITY"
204,00d0837787542,00p0372891796,73.0,17520,LIGHTROOMGALLERYSDNBHD,"NO:28, JALAN ASTANA 1C, BANDAR BUKIT RAJA, 41050 KLANG SELANGOR D.E, MALAYSIA"
205,00d0965540723,00p0510406308,48.1,17646,MRDIYMDSNBHD,"LOT 1851-A & 1851-B, JALAN KPB 6, KAWASAN PERINDUSTRIAN BAALAKONG, 432300 SERI KEMBANGAN, SDLANGOR"
206,00d0880901672,00p0741339461,9.9,17640,UNIHAKKAINTERNATIONALSDNBHD,"12, JALAN TMPOI 7/4,KAWASAN PERINDUSTRIAN TAMPOI,812 00 JOHOR BAHRU,JOHOR"
207,00d0201738305,00p0223261047,8.5,0,GERBANGALAFRESTAURANTSSDNHD,"LEVEL 6, BANGUNAN TH, DAMANSARA UPTOWN3 NO.3,JALAN SS21/39, 47400 PETALING JAYA SELANGOR"
208,00d0194569644,00p0869155195,533.2,17649,MRDIYMSDNBHD,"LOT 1851-A & 1851-BB, JALAN KPB 6, KAWASAN PERINDUSTRIAN BALAKONG, 43300 SERI KEMBANGAN, SELANGOR"
209,00d0328806229,00p0239831584,9.8,17890,BOKTAKTAMANDAYASDNBJD,"NO.53 55,57 & 59, JALAN SAGU 18, TAMAN DAYA, 81100 JOHOR BAHRU, JOHOR."
210,00d0859698635,00p0210779093,53.14,17408,GARDENIABAKERIESKISDNBHD,"LOT 3, JALAN PELABUR 3/2, 40300 SHAH ALAM, SE LANGOR."
211,00d0577470816,00p0465301215,6.2,17623,UNIHAKKAINTERNATIONALSDNBHD,"12, JALAN TAMPOI 7/4,KAWASAN PERINDUSTRIAN TAMPOI,81200 JOHOR BAHRRU,JOHOR"
212,00d0784934925,00p0995961862,3.0,17545,SUNVICTORYSDNBHD,"LEVEL G2, BLOCK D1, SOLARIS DUTAMAS, NO.1, JALAN DUTAMAS1, 50480 KUALA LUMPUR"
213,00d0954032591,00p0747432839,7.1,17619,UNIHAKKAINTERNATKIONALSDNBHD,"12 JALAN TAMPOI 7/4,KAWASAN PERINDSUTRIAN TAMPOI,81200 JOHOR BAHRU,JOHOR"
214,00d0594663786,00p0436356277,89.0,16805,BESTDDNKIMALAYSIA,"LOT LG26, SUABNG PARADE NO.5, JALAN SS216/1 47500 SUBANG JAYA, SELANGOR"
215,00d0542888628,00p0332131473,13.6,16824,PSEEDMARTSB,"LOT P.T. 33198, BATU 4 JALAN KAPAR, MUKIM KAPAR 42100 KLANG, SELANGOR 1181-TMN SRI SINAR"
216,00d0308106888,00p0484590369,6.4,17641,PASRAYAJALALSDNBHD,"10-18,JLN KEBUD AYAAN 16,TMN Y 81300 JOHOR BAHRU."
217,00d0980207211,00p0382221059,14.9,17295,SANYUSTATIONERYSHOP,"NO. 31G&33G, JALAN SETA INDAH X ,U13/X 40170 SETIA ALAM"
218,00d0166829801,00p0670113358,59.5,17705,SYLROASTEDDELIGHTSSDNBHD,"75. JALAN SS 22/19, DAMANSARA JAYA, 5740 PJ"
219,00d0543055869,00p0565341771,71.0,17536,MRDAKGALBISOLARIS,"NO.J-G-02, SOHO KI, SOLARIS MONT KIERA, 50480 KL"
220,00d0347606159,00p0992885986,23.25,0,BANHMICAFESDNBHD,"NO,1 JALAN PUTERI 7/10BANDAR PUTERI, 47100 PUCHONG SELANGOR, MALAYSIA"
221,00d0100894168,00p0694047688,476.8,17840,EAONCOJMBHD,"3RD FLR, AEON TAMAN MALURI SC JLN JEJWKA, TAMAN MALURI CHERAS, 55100 KUUALA LUMPUR"
222,00d0292723088,00p0239181579,79.35,17565,FARMASIMALURISB,"23, JIN BURUNG JENTAYU, TMN BUKIT NALURI, KEPONG, 52100 KL."
223,00d0793133421,00p0575017086,142.49,17268,WAHINHARDWARESDNBHD,"425, JALAN PAHANG, SETAPAAK, 5300 OKAULA LUMPUR."
224,00d0661661607,00p0820949442,48.4,17437,GARDENIABAKEIESKLSDNBHD,"LOT 3, JALAN PELABUR 23/1, 40300 SHAH ALAM, SELANGOR."
225,00d0206117546,00p0950881357,1.3,0,UNIHKKAINTERNATIONALSDNBHD,"12, JALAN TAMPOI 7/4,KAWASAN PERINDUSTRIAN TAMPOI,81200 JOHOR BAHRU,JOHOR"
226,00d0904732199,00p0629802343,129.3,17617,ANNNDOSCHICKENLANDMALAYSIASDNHD,"UNIT G-13, GROUND FLOOR, NO.1 JLN KIARA, MONT KIARA 50480 KUAAIA LUPUR"
227,00d0682202857,00p0834715014,5.3,17867,SYARIKATPERNIAGAANGINKEE,"NO 290, JALAN AIR PANAS, SETAPAK, 5320, KUALA LUMPUR."
228,00d0914854329,00p0670238386,8.2,17239,UNIHAKKAINTERNATIIONALSDNBHD,"12, JALAN TAMPOI 7/4,KAWASAN PEERIHNDUSTRIAN TAMPOI,81200 OHOR BAHRU,JOHOR"
229,00d0174270341,00p0380024960,70.0,17672,GERBANGALAFRESTAURANTSSDNBHD,"LEVEL 6, BANGUNAN TH, DAMANSARA UPTOW N3 NO.3, JALAN SS21/39,47400 EPTALING JAYA SELANGOR"
230,00d0698784211,00p0121115746,8.7,17466,SANYUSTATIONERYXSHOP,"NO. 31G&3G, JALAN SETTIA INDAH X ,U13/X 40170 STEIA ALM"
231,00d0574862056,00p0648536695,60.6,17616,DOMMALFOODSERVICESSDNHD,"D-08, M AVENUE , JLN 1/ 38A SEGAMBUT BAHAGIA 5120 0 KUALA LUMPUR"
232,00d0722335566,00p0473786081,35.1,17464,GARDENIABAKERIESKLSDNBHD,"LOT 3, JALAN PELABUR 23/1, 40300 SHAH ALAM, SELANGOR."
233,00d0372099873,00p0774084098,30.1,0,POPULARBOOKCOMSNBHD,"NO 8, JALAN 7/118B, DESA TUN RAZAK 560000 KUALA LUMPUR,MALAYSIA"
234,00d0696518680,00p0172394661,7.0,17592,LIJMSENGTHOHARDWARETRADING," NO 7. SIMPANG OFF BATU VILLAGE, JALAN IPOH BATU 5, 51200 KUALA LUMPUR MALAYSIA"
235,00d0282138675,00p0530231889,27.1,17371,GARDENIABAKERIESKLSDNBHD,"LOT 3, JALAN PELABUR 23/1, 40300 SHAH A LAM, SELANGOR."
236,00d0581923422,00p0669418891,21.8,17635,DEMAXIMUMTHAIEXPRESSDNNBHD,"BLK 2, UNIT G1 & G2, BESTARI TERRACE, LT PTD 182908 & PTD 143216, JALAN DANGA, TAMAN NU8A BESTARI, 81300"
237,00d0188523936,00p0898638880,27.75,17444,SPEEDMARTSB,"LOT P.T. 2811, JLAN ANGSA, TAMAN BERKELEY 41150 KLANG, SELANGOR 1422-TMN DESA JAYA"
238,00d0147095939,00p0475694256,734.4,17452,DIGITELECOMMUINCATIONSSDNBHD,"LOT LG 315, 1-UTAMA SHOPPING CENTRE, LEBUH BANDAR UTAMA-BANDAR UTAMA, PETALING JAYA, 47800 SELANGOR"
239,00d0209546609,00p0294543973,22.6,17444,PERNIAGAANRIANGRIWA," NL7,JNUERO,SHAH ALAM."
240,00d0124895452,00p0478327876,26.82,17610,HABPYSNACKSENTERPRISE,"19 & 19A, JALAN MERANTI 2A, SEKSYEI B ANDAR BARU BATANG KALI, 44300"
241,00d0843646516,00p0658019336,600.74,17419,GARDENIABAKERIESKLSDNBHD,"LOT 3, UAPLAN PELABUR 233/1, 40300 SHAH ALAM, SELANGOR."
242,00d0826414442,00p0194072860,7.4,0,BBESTRESTAURNAT,"NO.12,JALAN SS4C/5,PETALING JAYA SELANGOR DARUL EHSAN"
243,00d0942116852,00p0411160730,35.8,17545,THESTOREMALAYSIASDNBHD,"LOT 348817 JALAN BATU AMBAR TAMAN KOK LIAN 51200 KUALA LUMPUR,"
244,00d0417300467,00p0377402371,6.35,0,YONGCENENTERPRIE,"9, AJLAN SUBANG JASA 3, 40150 SHAN ALAM, SELANGOR."
245,00d0803190070,00p0247334622,3.1,17274,SANYUSTATIONERYSHOP,"NO. 31G&33G, JALAN SETIA INRDAH X ,U13/X 40170 SETIA ALAM"
246,00d0610473999,00p0861679683,27.55,17548,TEOHENGSTATIONERYBOOKS,"NO.53, JALAN BESAR, 45600 BAATNG BERJUNTAISELANGKOR DARUL EHSAN"
247,00d0106280922,00p0656050609,32.1,17546,TRENDYMAXMSDMBHD,"P6, BLOOCK C, GM KLANG WHOLESALE CITY, JALAN KASUARINA 1, 4120 KLANG, SELANGOR D.E."
248,00d0243521534,00p0886634980,5.3,17609,RESOTRANIBRAHIMMAJUASB,"NO.2, GROUND FLOR, JALAN REKO SENTRAL 8 TAMAN REKO SENTRAL, 43000 KAJANG SELANGOR DE"
249,00d0675832982,00p0131209456,1202.0,17610,GLHANDIVCRATTAILORING,"19, JLAAN KANCIL, OFF JALAN UDU, 55100 KUALA LUMPUR MALAYSIA"
250,00d0272031259,00p0179333014,8.2,17666,UNIHAKAINTERNATIONALSDNBHD,"12, JALAN TAMPOI 7/4,KAWASAN PERINDUSTRIAAN TAMPOI,81200 JOGOR BAHRU,JOHOR"
251,00d0606540603,00p0279808410,7.95,17866,SYARIKATPENIAGAANIGNKEE,"NO 290, JALAN AIR PANAS, SEYAPAK, 53200, KUALA LUMPUR."
252,00d0876844472,00p0280407835,6.68,17660,UNIHAKKAINTERNATIONALSDNBHD,"12, JALAN TAMPOI 7/4,KAWASAN PERINDSUTRIAN TAMPOI,81200 JOHOR BAHRU,JOHOR"
253,00d0859215539,00p0424123137,11.4,17609,SPEEDMARTSB,"LOT P.T. 281, JALAN ANG8A, TAMAN BERKELEY 41150 KLANG, SELANGOR 1245-DESA SRI HARTAMAS"
254,00d0616798510,00p0988638541,42.35,17291,SPEEDMARTSB,"LOT P.T. 2811, JALAN ANGSA, TAMNA BERKELEY 41150 KLANG, SELANGOR 1313-SUBANG BESTARI"
255,00d0834688755,00p0738054413,105.0,17615,ZENANDCOFFEESB,"NO 53, JALAN3/62A, BANDAR MENJALARA, 52200 KUALA LUMPUR."
256,00d0970540567,00p0409161553,8.29,17602,UNIHAKKAINTERNATINALSDNBHD,"12, JALAN TAMPOI7/4,KAWASAN PERINDUSTRIAN TAMPDI,8120 JOHOR BAHRU,JOYHOR"
257,00d0472913563,00p0472032675,24.4,17717,WARAKUYAPERRMASCITYSDNBH,"JALAN PERMAS UTARA 1, PERMAS JAYA 81750 MASAI JOHOR"
258,00d0541369548,00p0514025092,9.2,16844,CHEFLEESNDBHD,"LG226, LGF, 1 UTAMA SHOPPING CENTRWE, LEBUH BANDAR UTAMA, 48700 PETALING JAYA."
259,00d0542157895,00p0303058668,41.0,0,POPULARBOOKCOMSDNBHHD,"NO 8, JALNA 7/118B, DESA TUN RAZAK 56000 KUALA LUMPUR, MALAYSIA"
260,00d0840814576,00p0802584120,110.46,17456,GARDENIABAKERIESKLSDNBHD,"LOT 3, JWLANPELBAUR 23/1, 40300 SHAH ZALAM, SELANGOR."
261,00d0524794165,00p0183388167,11.5,17444,SPEEDMARTSB,"LOT P.T. 2811, JALAN ANGSA, TAMAN BERKELEY 41150 KLANG, SELAHGOR 1214-JINJANG UTARA"
262,00d0163078697,00p0467454087,70.21,17377,GARDENIABAKERIESKLSDNBHD,"LOT 3, JALAN PELABUR 23/1, 40300 SHAH ALAM, SELANGOR."
263,00d0702637244,00p0103449746,266.1,17649,AEONCOMBHD," 3RD FLR, AEON TAMAN MALURI SC JLN JEJAKA, TAMANMALURI CHERAS, 55100 KUALA LUMPUR"
264,00d0757881141,00p0890695698,86.8,17608,SHELLISNIPETROTRADING,LOT 2685 JLN GGENTING KLANG 53300 KL SITE 166
265,00d0271405634,00p0506934592,41.5,17303,HERODISRTIBUTIONSDNBHD,"4243,CPMPLEKS PERNIAGAAN SRI GAYA, JLN TMN SUBANG JASA 3, 40150 SELANGOR"
266,00d0582732557,00p0771362066,28.4,17434,KHIAMAIKCHANSDNBHD,"NO. 76, JALAN SS15/4B, 47800 SUBANGJAYA, SELAGNOR D.E."
267,00d0619690945,00p0964178019,165.0,17168,BEMDESPSEDNBHD,"NO.49, JA LAN DINAR G U3/G, SUBANG PERDANA, 40150 SHAH ALAM, SEANGOR D.SE."
268,00d0174068255,00p0855303858,27.2,17449,GARDENIABAKERIESKLSONBHD,"LOT 3, JALAN PELABUR 23/1, 50300 SHAH ALAM, SELANGOR."
269,00d0678037496,00p0788384537,109.68,0,EDENIMPRESSIONSDNBHD,"LOT NO : 20, LEVEL UG1, PUBLIKA SOLARIS DUTAMAS. NO 1, JALAN DUTZMAS, 50480 KL"
270,00d0365513088,00p0883512229,8.2,17620,UNIHAKKAINTERNATIONALSDNBHD,"122, JALAN TAMPOI 7/4, KAWASAN PERINDUSTRIAN TAMPOI,81200 JOHOR BAHRU,JOHOR"
271,00d0937018331,00p0646308480,8.7,17328,ASNYUSTATIONERYSHOP,"NO. 31G&33G, JALAN SETIA INDAH X ,U13/X 40170 SETIA ALAM"
272,00d0103738916,00p0636193889,367.1,17867,SUPERSEVENCASHCARYSDNBHD,"NO. 1 JALAN EURO 1 OFF JALAN BATU TIGA SUNGAI BULOH SEKSYEN U3 SHAHALAM, 401590"
273,00d0318453525,00p0562419420,118.9,17747,THETOASTFHSDNNBH,LOT 2110&2111 JALAN PERMAS UTARA BANDAR BARU PERMAS 81750 JOHOR BAHRUJOHOR
274,00d0382500008,00p0293704325,30.5,17170,SEGICASHCARRYSDNBHD,"PT17920, SEKSYEN U9, 40150 SHAH ALAM, SELANGOR DA RUL EHSAN."
275,00d0981274700,00p0420085674,21.0,17866,POPULARBOKCOMSDNBHD,"NO 8, JALAN 7/118B, DESA TUN RAZAK 56000 KUALA LUMPUR, MALAYSIA"
276,00d0452553939,00p0385852893,8.2,17667,UNIHAKKAINTERNATIONLASDNBHD,"12, JALAN TAMPOI 7/4,KAWASAN PERINDUSTRIAN TAMPOI,82100 JOHOR BAHRU,JOHOR"
277,00d0395061839,00p0993130244,2.8,17258,THAIDELICIOUSRESTAURANT,"NO.22 JALAN PUTERI 2/4 BANDAR PUTERI 47100 PUCHONG, S ELANGOR"
278,00d0353042107,00p0518246402,616.6,17439,PINGHWAITRADINGSDNBHD,"NO.2, JALAN METRO PERDANA TIMUR 11, KEPONG ENTERPRENUERS PARK, OFF JALAN KEPONG, 52100 KUALA LUMPUR."
279,00d0841330621,00p0252172127,3.5,17684,SINNATHAMBYHOLDINGSSDNBHD,"NO.17, 18 & 41, JALANBESAR, 39100 BRINCHANG, CAMERON HIGHLANDS, PAHANG"
280,00d0652046562,00p0109003671,3.9,17494,MRDIYSDNBHD,"LOT 1851-A & 1851-B, JALAN KPB 6, KAWASAN PERINDUSTRIAN BALAKONG, 4330 SERI KEMBANGAN, SELANGOR"
281,00d0820736669,00p0507129961,1.73,17438,GARDENIABAKERIESILSDNBHD,"LOT 3, JALAN PELABUR 23/1, 40300 SHAH ALAM, SELANGOR."
282,00d0935702550,00p0387495183,35.4,17610,BAIFFUMSDNBHD,"DAISO JAPA N, IOJI MALL"
283,00d0388919382,00p0617515870,8.7,17459,SANHUSTATIONERYSHOP,"NO. 31G&33G, JALAN SETIA INDAH X ,UU13/X 40170 8ETIA ALAM"
284,00d0294263018,00p0429221934,4.8,17534,POPULARBOOKCOMSDNBHD,"NO 8. JJALAN 7/118B, DESA TUN RAZAK 56000 KUALA LUMPUR, MALAYSIA"
285,00d0742987288,00p0400394402,35.99,17308,SANYUSTATIONERYSHOP,"NO. 31TG&33G, JALAN SETIA NIDAH X ,U13/X 40170 SETIA ALAM"
286,00d0910676977,00p0782144057,189.75,17620,OWNERBYCASTLEBLUESB,"AVTIVO PLAZA,LOT B-F-11, BLOCK B NPO1.JALAN PJU 9/1,D'SARA AVEVUE BANDZR SRI D'SARA, 5200 KL"
287,00d0571602960,00p0994116372,7.2,17648,DOMINOSPIZZA,"DOMINO' S PIZZA PERMAS JAYA NO.12, JALAN PERMAS JAYA 10, BANDAR BARU PERMAS JAYA, 81750 MASAI JOHOR"
288,00d0645069761,00p0852750667,94.0,17281,YOBNGCENENTERBRISE,"9, JALAN SUBANG JASA 3, 40150 SHAH ALAM, SELANGOR."
289,00d0958758313,00p0895577942,142.0,17471,SKCAHARDWARETIMBERSDNPHD,"LOT 204 & 205, JALAN BATU 12 1/4, KG. DUSUN NANDING, 43100 HULU LANGAT, SELANGOR DARUL EHSAN."
290,00d0747284670,00p0910939886,64.15,17654,TASTEOFTHEWORLDSDNBHD,"LOT 38, 39 101 BOJLEVARD, JALAN KENARI 5, BANDAR PUCHONG AJYA, 47170 PUCHONG, SELANGOR"
291,00d0711624382,00p0641491038,48.15,17611,ZAWIAJAYAFOODNBEVERAGESDNBHD,"106-107, LEVEL 1 THE MINESMALL SERDANG SRI KEMBANGAN, 43300 SELANGOR DARUL EHSAN."
292,00d0989858817,00p0641796093,31.8,16821,SPEEDMRATSB,"LOT P.T. 2811, JALAN ANGSA, TAMAN BETRRKELEY 41150 KLANG, SELANGOR 1558-TMN PUSAT KEPONG"
293,00d0770154989,00p0195843433,75.9,17522,HOMEMASTERHAFWAREELECTTRICAL,"NO.113G & 115G, JALAN SETIA 6EMBILANG U13/BG BANDAR SEETIA ALAM, 40170 BANDAR SETIA ALAM, SELANGOR."
294,00d0240488407,00p0131909306,34.8,17640,MRDIYMSDNBHD,"LOT 1851-A & 1851-B, JALAN KPB 6, KAWAASN PERINDUSTRIAN BALAKONG, 43300 SERI KEMBANGAN, SELANGOR"
295,00d0542653551,00p0827668044,320.0,17618,SWCENTERPRISESDNBHD,"5-7, JALAN MAHAGONI 7/1 SEKSYEN 4,BANDAR UTAMA, 44300 BATANG KALI, SELANGOR"
296,00d0314913072,00p0836975289,19.2,17411,KINGSCONECTIONERYSB,"NO. 20-A1, JALAAN SS6/3, KELANA JAYA, 47301 PETALING JAYA SELANGOR D.E."
297,00d0608126101,00p0573117974,25.6,17638,DOMNIOSPIZA,"NO.12, JALAN PERMAS MJAYA 10, BANDAR BARU PERMAS JAYA, 81750 MASAI JOHOR"
298,00d0307106203,00p0270253424,27.45,17349,SPEEDMZRRTSB,"LOT P.T. 2811, JALAN ANGSA, TAMAN BERKELEY 41150 KLANG, SELANGOR"
299,00d0108922007,00p0714257649,80.89,0,YNOGFATTENTERPRISE,NO 122.124. JALAN DEDAP13 8110 JOHOR BAHRU
300,00d0774260218,00p0560869902,72.93,17614,PAPPARICHBMC,"JALAN TEMENGGUNG 23/9 BANDAR MAHKOTA CHERAS 43200 SELNGOR DARUL EHSAN, MALSAYSIA"
301,00d0560446704,00p0231899318,22.3,17278,BBESTRESTAURANNT,"NO.12,JALAN S4C/5,PETALING JWYA SELANGOR DARUL EHSAN"
302,00d0513207673,00p0809881051,13.0,17610,CARREFOURRESTAURANT,"18,JALAN PEMRAS 10/7BANDSR BARU PERMAS JAYA, MASAI,JOHOR"
303,00d0805870344,00p0889333691,27.85,0,ANEKAINTERTRADEMARKETINTGSDNBHD,"LOT NO2, JQLAN UTARID U5/13, SEKSYEN U5, 40150 SNAH ALAM, SELANGOR DARUL EHSAN , MALAYSIA"
304,00d0734493835,00p0762435669,465.34,17528,SYARIKATPERNUIAGAANGINKE,"NO 290, JALAN AIR PANAS, SETAPAK, 53200, KUALA LUMPUR."
305,00d0752976763,00p0271420907,64.7,17014,NMRDIYMSDNBHD,"LOT 1851-A & 1851-B, JALAN KPB 6, KAWASAN PERINDUSTRIAN BALAKONG, 43300 SERI KEMBANGAN, SELANGOR"
306,00d0390492165,00p0555344640,12.15,17256,OLIVEPHAERMACYSDNBHD,"69 JALAN NOVA U5/N, SEKSYEN U5 SUBANG BE"
307,00d0313212291,00p0950169186,28.2,17006,GOLDENARCHESRESTAURANTSSDNBHD,"LEVEL 6, BANGUNAN TH, DAMANSARA UPTOWN3 NO.3, ALAN SS21/39,47 400 PETALING JAYA SELANGOR"
308,00d0464021737,00p0839804306,50.45,17321,SEGICASHCARRYSNBHD,"PT17920 SEK U9, SHAH ALLAM"
309,00d0379996414,00p0916561368,8.7,17609,UNIHAKKAINTERNATIONALSDNBHD,"12, JALAN TAMPOI 7/4,KAWASAN PERINDUSTRIAN TAMPOI,81200 JOHOR BAHRU,JOHOR"
310,00d0677299556,00p0504275506,177.29,17110,SOEEDMARTSB,"LOT P.T. 33198, BATU 4 JALAN KAPAR, MUKIM KAPAR 42100 KLANG, SELANOR 1605-TMN SRI BINTANG"
311,00d0735262766,00p0955811695,6.0,17529,LIMSENGTHOHRDWARETRADING,"NO 7, SIMPANG OFF BATU VILLAGE, JALAN OIPOH BATU 5, 51200 KUALA LUMPUR MALAYSIA"
312,00d0649375713,00p0404607823,35.0,17716,DIGHUANYARESAURANT,"5,JALAN PERMAS 10/5, BANDAR BARULERMAS JAYA, 81750 JOHOR BAHRU,JOHOR"
313,00d0259552507,00p0876493998,772.0,0,SYSTATIONERY,"NO.36G JALAN BULAN BM U5/BM, BANDAR PIGGIRAN 8UBANG, SEKSYEN U5, 40150 SHAH ALAM, SEALNGOR."
314,00d0551541808,00p0624888606,33.9,18231,MRSDIYJOORSDNBHD,"LOT 1851-A & 1851-B, JALAN KPB 6, KAWASAN PERINDUSTRIAN BALAKONG, 43300 SERI KEMBANGAN, SELANGOR (MR DIY TESCO TEBAU)"
315,00d0178827407,00p0695964547,65.55,17621,MIZUMENTAKSDDNBH,"NO: 1-&2 GROUND FLOOR, JLN TEMENGGUNG 13/9, 43200 CHERAS SELANGOR"
316,00d0810901932,00p0509459899,14.8,17185,FIVESTARCASHCAFRY,"G.23 & G.22, P LAZA SERI SETIA, NO.1 JALAN SS 9/1, 4730o PJ, SELANGOR."
317,00d0189067460,00p0596673034,12.6,17839,DOOMINOSPIZZA,"NO.12, JALAN PERMAS JAYA 10, BANDAR BARU PEMRASJAYA, 817450 MASAI JOHOR"
318,00d0928411057,00p0762203108,32.7,17522,ASIAMAART,"NO.23 BATU 10, TWMAN SENTOSA, JALAN KAPAR, 42200 KLANG, SELANGOR."
319,00d0921867955,00p0875454804,34.8,17640,MRDDIYMSDNBHD,"LOT 1851-A & 1851-B, JALAN KPB 6, KAWASAN PERINDUSTRIAN BALAKONG, 4300 SERI KEMBANGAN, SELANGOR"
320,00d0394931168,00p0388685152,99.0,17611,LTWOFLORISTHANDICRAFT,"NO.49, JALAN MAHAGONI 7/2, SEKSYEN 44 BANDAR UTAMA, 44300 BAT ANG KALI, SELANGOR."
321,00d0665595833,00p0442232140,15.9,16933,SPEEDMARTSB,"LOT P.T. 2811, JALAN AGSA, TAMAN BERKELEY 41150 KLANG, SELANGOR 1558-TMN PUSAT KEPONG"
322,00d0647759775,00p0370958880,66.0,17439,ANNGIAPTRADINGSDNBHD,"NO. 135, JALAN ANGI, 4350 SEMENYIH, SELA NGOR"
323,00d0437873955,00p0249633338,190.0,17807,PUBBISTROOWNBYCNUTRADING,"78G, JALAN SS1/62, DAMANSARA UTAMA, 4740 LETALING JAYA."
324,00d0743614936,00p0696355437,599.45,17604,BEYONDBROTHERSHARDWARE,"LOT 1-0-2, JLN 1/50, DIAMONDSQUARE, OFF JLN GOMBAK 53000 KUALA LUPUR"
325,00d0241023069,00p0717799799,122.8,17535,AEONCOMBHD,"3RD FLR, AEON TAMAN MALURI SC JLN JEJAKA, TAMAN MALURI CHERAS, 55100 KUALA LUMPUR"
326,00d0997573916,00p0143469507,635.0,17271,BEEMDSPSDNBHHSD,"NO.48, JALAN DINAR G U3/G, SUBANG PERDANA, 40150 SHAH ALAM, SELANGOR D.E."
327,00d0982931302,00p0325169479,12.4,17062,SANYUSTATIONERYSHO,"NO. 31G&33G, JALAN SETIA INDAH X ,U13/X 40172 SETIA ALAM"
328,00d0635477367,00p0416321210,38.8,17618,MRDIIYMSDNBHD,"LOT 1851-A & 1851-B, JALAN KPB 6 , KAWASAN PERINDUSTRIAN BALAKONG, 43300 SERI KEMBANGAN, 5EANGOR"
329,00d0944630849,00p0231208959,4.2,17613,SWENTERPRISESDNBHD,"5-7, JALAN MAHAGONI 7/1 SEKSYEN 4, BANDAR UTAMA, 44300 BATANG KALI, SELANGOOR"
330,00d0863890590,00p0633515158,13.19,17838,YHMAEONTEBRAUCITY,"S117, SECOND FLOOR, AEON TERBAU CITY, 1, JALAN DESA TEBRAU, TAMAN DESA TEBRAU, 81100 JOHOR BAHRU, JOHOE."
331,00d0407044350,00p0936300037,26.8,17439,GARDENIABAKERIESKLSDNBHD,"LOT 3, JALAN PELABUR 23/1, 40300 SHAH ALAJM, SELANGOR."
332,00d0572439292,00p0727023588,28.0,17616,MRDIYMSDNBHD,"LOT 1851-A & 1851-B, JALAN KPB 6, KQAWASAN PERINDUSTRIAN BALAKONG, 43300 SERI KEMBANGAN, SELANGOR"
333,00d0369571763,00p0638023666,19.4,17430,HLNHWAHARDWARETRADING,"NO 37, JALAN MANIS 7, TAMAN SEGAR, 5610 CHERAS, KUALA LUMPUR."
334,00d0801912850,00p0232599961,1008.5,17432,PINGHWAITRADINGSDNBHD,"NO.2, JALAN METRO PERDANA TIMUR 11, KEPONG ENTERPRENUERS PARK, OFF JAIAM KEPONG, 52100 KUALA LUMUPR."
335,00d0504725741,00p0750921508,109.7,17684,SINNATHAMBYHOLDINGSSDNBHD,"NO.17,18 & 41,JALAN BESAR,39100 BRINCHANG, CAMERON HIGHLANDS, PAHANG"
336,00d0243046961,00p0561436417,9.65,17619,POPULARBOOKCOMSDNBHHD,"NO 8, JALAN 7/118, DESA TUN RAZAK 56000 KUALA LUMPUR, MALAYSIA"
337,00d0992954979,00p0728351320,8.9,17665,UNIHAKKAINTERNATIONALSDNBHD,"12, JAL AN TAMPOI 7/4,KAWASAN PEFRINDUSTRIAN TAMPOI,81200 JOHOR BAHRU,JOHOR"
338,00d0632354255,00p0971567537,15.9,17428,MRDIYMSDNBHD,"LOT 1851-A & 1851-B, JALAN KPB 6, KAWASAN PERINDUSTRIAN BALAKONG, 43301 SERI KEMBANGAN, SELA NGOR"
339,00d0890929577,00p0289353585,46.55,17641,AEONCOMBHD,"3RD FLR, AEON TAMAN MLAURI SC JLN JEJAKA, TAMAN MALUI CHERAS, 55100 KUALA LUMPUR"
340,00d0685059326,00p0361138446,122.6,17171,SGEICASHCAFRYSDNBH,"PT17920, 8EKSYEN U9, 40150 SHAH ALAM, SELANGOR DARUL EHSAN."
341,00d0326687304,00p0621923085,46.9,17528,SANYUSTATIONERYSHOP,"NO. 31G&3G, JALAN SETIA INDAH X ,U13/X 40170 SETIA ALAM"
342,00d0831136284,00p0786293614,84.0,17564,SLFCASHCARRY,"NO.15, JLN TSJ2,TMN SUBANG JASA,OFF JLN BT 3 SUBANG, 40000 SHAH ALAM, SL."
343,00d0489061247,00p0452297819,887.1,17665,UROKOJAPNESECUISINESDNBHD,"22A-1, MALAN 17/54, SECTION 17, 46400 PETALING JAYA, SELANGOR."
344,00d0377951457,00p0693154757,7.6,17615,TRIPLESIXPOINTEMTERPRISE,NO 14 & 16 JALAN PERMAS 4/3 BANDATR BARU PERMAS JAY
345,00d0123031653,00p0869978345,47.4,17441,BBEDTRESTAURANT,"NO.12, JALAN SS4C/5,PETALING JAYA ZSELANGOR DARUL EHSAN"
346,00d0790157720,00p0511443222,59.54,17510,GARDENIABAKEIESKLSDNBHD,"LOT 3, JALAN PELABUR 23/1, 40300 SHAH ALAM, SELANGOR."
347,00d0744539202,00p0889335105,20.8,17307,SPEEDMARTSB,"LOT P.T. 2812, JALAN ANGSA, TAMAN BERKELEY 41150 KLANG, SELANGOR 1032-SUBANG PERDANA"
348,00d0854345015,00p0667627855,78.1,17478,SUBAGNHEALTHCARESDNBHD,"B-8, JALAN SS15/4D, 47500 SUBNG JAYA, SELANGOR"
349,00d0500564944,00p0311923570,38.0,0,MRDOYMSDNBHD,"LOT 1851-A & 1851-B, JQALAN KPB 6, KAWASAN PERINDUSTRIAN BALAKONG, 43300 SERI KEMBANGAN, SELANGOR"
350,00d0764855917,00p0249107251,73.0,17520,LIGHTROOMGALERYSDNBHD,"NO: 28,JALAN ASTANA 1C, BANDAR BUKIT RAJA, 41050 KLANG SELANGOR D.E, MALZYSIA"
351,00d0180967427,00p0307599222,28.5,17339,SUPERSEVENCASHCARRYDNBHD,"NO. 1 JALAN EURO 1 OFF JALAN BATU TIGA SUNGAI BULOH SEKSYEN U3 SHAH ALAM,40150"
352,00d0585896483,00p0958413370,94.19,17374,GARDENIABAKERIESKLSDNBHD,"LOT 3, JALAN PELABUR 23/1, 40300 SHAH ALAM, SELANGOR."
353,00d0185599105,00p0662381841,21.0,16825,MRDIYMSDNBHD,"LOT 1851-A & 1851-B, JALAN KPB 6, KAWASAN PERINDUSTRIAN BALAKONG, 43300 SERI KEMBANGAN, SELANGOR"
354,00d0443910003,00p0818070712,9.9,17653,POPULARBOOKCOMSDNBHD,"NO 8, JAALN 7/118B, DESA TUN RAZAK 560 0 KUALA LUMPUR, MALAYSIA"
355,00d0453904564,00p0646567455,68.63,17458,GADRENABAKERIESKLSDNBHD,"LOT 3, JALAN PELABUR 23/1, U03 00 SHAH ALAM, SELANGOR."
356,00d0952509602,00p0109499612,21.0,17624,GUARDIANHEALTHANDBEAAUTYSDNBHD,GUARDIAN GIANT BREM MALL G-19 LEVEL G BREM MALL
357,00d0319760858,00p0438543906,32.3,17777,PERNiAGAANZHENGHUI,NO.59 JALAN PERMAS 9/5 BANDAR BARU PERMAS JAYA 81750 JOHOR BAHRU
358,00d0255697730,00p0475339788,15.15,17687,THEMARCOPOLOKITCHBUKITINDAH,"NO 35,JALAN INDA H 15/2,BUKIT INDAH 81200 JHOOR BAHRU,JKOHOR"
359,00d0603631647,00p0223923104,1.0,17286,AMANOMALAYSIASDNBHD,12 JALAN PENGCAARA U1/48 TEMASYA INDUSTRIAL PARK 40150 SHAH ALAM SELANGOR
360,00d0827595193,00p0489193866,60.95,17592,SYARIKATLERNIAGAANGNIKEE,"NO 290, JALAN AIR APNAS, SEGTAPAK, 53200, KUALA LUMPUR."
361,00d0694169739,00p0604164531,21.0,17840,THETOASTFBSDBNBHD,LOT 2110&2111 JALAN PERMAS UTARA BANDAR BARU PERM AS 81750 JOHOR BAHRU JOHOR
362,00d0976342068,00p0554027220,85.54,0,PETTRODELIENTERPRISE,"LOT 485, TMN LEMBAH KERAMAT JLN ULU KELANG,  54200 KUALA LUMPUR"
363,00d0592371977,00p0215754407,63.69,17653,BBEYONDBROTHERSHATRDWARE,"LOT 1-0-2, JLN 1/50, DIAMOND SQUARE, OFF JLN GOMBAK 53000 KUALS LUMPUR"
364,00d0483826961,00p0157391310,159.0,17620,LIANHINGSTATUIONERYSDNBHD,"NO.32 & 33, JALAN SR 1/9, SEKSYEN 9, TAMAN SERDANG RAYA, 43300 SERI KEMBANGAN, SELANGOR DARUL EHSAN"
365,00d0139642641,00p0130376055,9.7,17681,UNIHAKKAINTERNATIONALSDNNBHD,"12, ALAN TAMPOI 7/4,KAWASAN PERINDUSTRIAN TAMPOI,81200JOHOR BAHUR,JOHOR"
366,00d0238897436,00p0867219243,100.0,17866,PRINTEXPERTSDNBBHD,"NO 18, 20, 22, JALAN BUNGA TANJONG 2/16, 40900 SHAH ALAM, SELANGOR"
367,00d0334664099,00p0791836213,53.67,17608,LITTLECRAVINSGSDNBHD,"HQ: 7, JLN SS21/34, 47400 PJ"
368,00d0752144290,00p0276425172,3.0,17778,KMFFUODICIOUSSDNNBHD,"NO. 9-G, JALAN PERUBATAN 2, PANDAN INDAH, 55100 KUALA LUMPUR."
369,00d0608566104,00p0842178859,8.7,0,SANYUSTATIONERYSHOP,"NO. 31G&33G, JALAN SETIA INDAH X ,U13/X 40170 SETIA ALAM"
370,00d0198786728,00p0254486012,9.0,17556,FUYIIMNIMARKET,"NO 43-45-47G, TAMAN SEJATI, IJOK, 4600 BESTARI JAYA, KUALA SELANGOR."
371,00d0490682838,00p0914671669,4.5,17324,SANYUSTATIONERYSHOP,"NO. 31G&33G, JALAN SETIA INDAH X ,U13/X 40170 SETIA ALAM"
372,00d0892499515,00p0572279092,2.2,17534,CWKHOIHARDWARESDNBHD,"NO.50,JALAN PBS 14/11, KAWASAN PERINDUSTRIAN BUKIT SERDANG,"
373,00d0758726468,00p0984202364,21.2,17592,SLFCASHCRRY,"NO. 15. JLN TSJ2,TMN SUVBANG JASA, OFF JLN BT 3 UBANG. 40000 SHAH ALAM. SEL."
374,00d0495694280,00p0167864815,5.8,17371,SANYUSTATIONERYSHOP,"NO. 31G&33G, JALAN SETIA INDAH X ,U13/X 0170 SETIA ALAM"
375,00d0627668053,00p0238870910,5.75,17639,AEONCOMBGD,"3RD FLR, AEON TMAN MALURI SC JLN JEJAKA, TAMAN MALURI CHERAS, 51020 KKUALA LUMPUR"
376,00d0235890341,00p0920973403,67.85,17188,MEILETRESTAURABNT,"NPO 2, JALANBULAN BM U5/BM, SEKSYEN U5, 40150 SHAH ALAM, SELANGOR"
377,00d0976572552,00p0378832942,85.1,17258,TRISHZASSDNBHD,"4-20, JJALAN RIA 25/62 TAMAN SRI MUDA SEKSYEN 25, 4040 SHAH ALAM SELANGOR"
378,00d0770792669,00p0895651563,23.2,17387,GARDENIABAKERIESJLSDNBHD,"LOT 3, JALAN PELABUR 23/1, 40300 SHAH ALAM,SELANGOR."
379,00d0724139826,00p0629039605,29.0,17548,ADVANCOCOPAYN,"NO 1&3, JALAN WANGSA DELIMA 12, WANGSA LINK, WANGSA MAJU, 53300 KUALA LUMPUDR"
380,00d0165073570,00p0598195765,538.0,17374,KIANOHANDELSDNBHD,NO 2A JALAN COCHRANE TAMAN MALURI 55100 KUALA LUMPUR
381,00d0922342206,00p0464318489,9.2,17594,PASARAYABORONGPINTARSDNBHD,"NO 19-G& 199-1& 19- JALAN TASIK UTAMA 4, MEDAN NIAGA TSAIKDAMAI"
382,00d0408489357,00p0740723452,8.4,17675,UNIHAKKANITERNATIONALSDNBHD,"12, JALANTAMPOI 7/4,KAWASAN PERINDUSTRIAN TAMPOI,81200 JOHOR BARU,JOHOR"
383,00d0969391958,00p0962748754,4.0,17383,MAKASSSARFRESHMARKTSB,"GROUND FLOOR, NO. 4 & 6, JALAN SS15/4B, 47500 SUBANG JAYA, SELANGOR ."
384,00d0945445352,00p0540293309,50.8,17615,MRDYMSDNBHD,"LOT 1851-A & 1851-B, JALAN KPB 6, KASWASAN PERINNDUSTIAN BALAKONG, 4300 SERI KEKBANGAN, SELANGOR"
385,00d0675769257,00p0335180031,36.0,17514,SANYUSTATIONERYSHOP,"NO. 3G&3G, JALAN SETIA INDAH X ,U13/X 40170 SETIA ALAM"
386,00d0353443719,00p0713560704,31.0,17777,AEOBNCOMBHD,"3RD FLR, AEON TAMAN MALURI SC JLN JEJAKA, TAKMAN MALURI CHERAS, 5100 KUALA LUMPUR"
387,00d0981184214,00p0119989963,1.8,17651,WESTERNEASTERNSTATIONERUYSDNBHD,"42-46, JLN SULTAN AZLAN SHAH 521200 KUALA LUMPUR"
388,00d0696021247,00p0483335915,113.8,17279,TOKYOKITCHENCITTAMALLTOKYOKITCHENSDNBHD,"G-26, RD FLOOR,CITTA MALL, NO 1, JALAN P JU, 1A/4B, JLN PJU 1,ARA DAMANSARA, 47301 PETALING JAYA, SELANGOR."
389,00d0263805728,00p0349174241,33.9,17077,KEDAIUHATDANRUNCITDCHONGHWA,"3, JALAN PERDANA 5, TAMAN INDAH PERDANA, KEPONG, 521 00 KL."
390,00d0602427476,00p0503970943,8.6,17608,UNIHAKKAINTEDRNATIONALSDNBHD,"12, JALAN TAMPOI 7/4,KAWASAN PARIJDUSTRIAN TAMPOI,8120 JOHOR BAHRU,JOHOR"
391,00d0206414354,00p0202506474,29.68,17218,SARIKATPERNIAGAANGINKEE,"NO 290, J ALAN AIR PANAS. DETAPAK, 53200, KUALA LUMPUR."
392,00d0723945064,00p0732801550,48.95,17619,TONYMKOLYVIVACITY,"UNIT L1-0444B, VIVACITY MEGAMAL, JALAN WAN ALWI, 93350 KUCHING, SAAWAK."
393,00d0749657219,00p0105207321,47.7,17150,HAIORZYABHD,"LOT 11995, BATU 2, JALAM KAPAR 41400 KLANG, SELANGOR"
394,00d0416161702,00p0790454893,15.0,17528,RESTORANHASSANBISTRO,NPO.2-1-1 JALAN SEITA PRIMA Q U 13/Q 5EITA ALAMM 40170 SHAN ALAM SELANGOR
395,00d0471481845,00p0226554266,15.4,17640,MRDIYMXDNBHD,"LOT 1851-A & 1851-B, JALAN KPB 6, KAWASAN PERINDUSTRIAN BALAKONG, 43300 SERI KEMBANGAN, SELANGOR"
396,00d0951021760,00p0790043827,3.7,17548,TKDIVISIONKICHSENNSDNBHD,"19-1. JALAN MALINJA 2, TAMAN UBNGA RAYA, 53100 SETA PAK, KUALA LUMPUR."
397,00d0569507667,00p0624996351,12.3,17635,LAVENDERCONFECTINERYBAKERYSB,"LOI G29 & G30, AEON MALL TEBRAU CITY, NO. 1, JALAN DESA TEBRU, TAMAN DESA TEBRAU, 81100 JOHOR BAHRU."
398,00d0763327632,00p0185441749,156.0,17622,SNWHARDWARECENTREMSDNHBD,"NO: G3, BLK G, JLN PJU 1A/3, ARA DAMANSARA, 47301 PETAL ING JAYA, SELANGOR DARUL EHSAN."
399,00d0346543074,00p0914891027,341.8,18140,ABCHOTRADING,"NO.2&4, JALAN HARMONI 3/2, TAMAN DESA HARMONI. 81100 JOHOR BAHRU JOHOR"
400,00d0686397126,00p0559086015,9.6,17606,RESTORANWANHENG,"NO.2, JALAN TEMENGGUNG 19/9, SEKSYEN 9,  BANDAR MAHKOTA CHERAS, 43200 CHERAS, SELANGOR"
401,00d0388190762,00p0857969142,2950.0,17460,INSPARKLETRADIHNGSDNBHD,"NO.LOT 24, BATU 11 KAMPUNG DATO, UJANG BALAKONG, 43200 CHERAS, SEL."
402,00d0628164309,00p0952728088,7.6,17631,UNIHAKAINTERNATIONALSDNBND,"12, JALAN TAMPOI 7/4,KAWASAN PERINDUSTRIAN TAMPLOI,81200 JOHOR BAHRU,JOHOR"
403,00d0835959293,00p0522351162,10.0,17613,PAGOYRESTANDSERVICEAREA,"LOT R1, KWS REHAT & RAWAT PAGOH ARAH UTARA, SIMPANG AMPAT PAGOH, LEBUHRAYA UTARA SELATAN, 84600,PAGOH,JOHOR"
404,00d0928366034,00p0921426159,51.3,16922,NADEJEPLATINMUSDNBHD,"GK 101,GND FLR,ONE UTAMA SHOPPING CNTRE NO.1,LEBUH BANDAR UTAMA, 47800 PETALING JAYA, SELANGOR."
405,00d0750315464,00p0494401495,94.87,17591,SYARIKATPERNIAGAANGINKEE,"NO 290, JALAN AIR PANAS, SETPAK, 53200, KUALA LUMPUR."
406,00d0595804986,00p0414240051,27.43,17043,SPEEDMARTSB,"LOT P.T. 33198, BATU 4 JALAN KAPAR, MUKIM KAPAR 42100 KLANG, SELANGOR 1558-TMN PUSAT KEPONG"
407,00d0599423844,00p0874343033,103.0,17617,GLHANDICRAFTTAIIORING,"19, JALAN KANCIL, OFF JALAN P0DU, 55100 KUALA LUMPRU MALAYSIA"
408,00d0957822503,00p0715492236,8.6,17552,CTTEALIVESBELLKEPONGOTFTOGOENTERPRISE,"SHELL STATION PT15944, MUKIM BATU, JLN BESAR KEPONG"
409,00d0784103375,00p0952553682,4.9,17260,SANYUSTATIONERYSHOP,"NO. 31G&33G, JALAN SETIA INDAH X ,U13/ZX 40170 SETIA ALAM"
410,00d0831212127,00p0665651850,18.0,17554,TEOHDENGSTATIONERYBOOKS,"NO.53,JAALAN BESAR,45600 BATANG BERJ UNTAI SELANOGR DARUL EH5AN"
411,00d0191077139,00p0967195795,99.1,17609,RESTORANWANSHENG,"NO.2, JALAN TENENGGUNG 19/9, SEKSYEN 9, BANDAR NMAHKOTA CHERAS, 43200 CHREEAS, SELANGOR"
412,00d0201817639,00p0396741350,449.4,17534,POPUULARBOOKCOMDNBHD,"NO 8, JALAN 7/118B, DESA TUN RAZAK56000 KAULA LUMPUR, MALAYSIA"
413,00d0776331594,00p0714899529,16.2,17564,ECOSHOPMARKETINGSDNBHD,"LOT F1-01, 6, JALAN 8/27A, SEKSYEN 55 WANGSA MAJU, 53300 KUALA LUMPUR, WILAYAH PERSEKUTUAN KUALA LUMPUR, MALAYSIA."
414,00d0734092781,00p0566840041,12.3,17675,MRDIYMSDNBHD,"LOT 1851-A & 1851-B, JALAN KPB 6, KAWASAN PERINDUSTRIAN BALAKONG, 43300 SERI KEMBANGAN, SELANGOR"
415,00d0986033233,00p0179596721,1.2,17836,SYARIKATPERNIAGAANGINKEE,"NO 290, JALAN AIR PANA, SETAPAK, 53200, KUALA LUMPUR."
416,00d0950629356,00p0933700126,12.0,17870,DELUXECIRCLEFRESHMARTSDNBHHD,"NO. 89&91, JALAN UTAMA, TAMA MUTIAA RINI, 81300 SKUDAI, JOHOR."
417,00d0259127407,00p0106130180,88.17,17583,SUNWONGKUTSDNBHD,176 JLN SSUNGEI BESI 57100 KUALA LUMPUR.
418,00d0606455264,00p0871283545,11.76,17590,KEDAIPAOANYEWCHUAN,"LOT 276 JALAN BANTING 43800 DENGKIL, SELANOR."
419,00d0639354292,00p0508924387,0.0,17600,UNIHAKKAINTERNATIONALSDNBHD,"12, JALAN TAMPOI 7/4,KAWASAN PERINDUSTRIAN TAMPOI,8120 JOHOR BAHRU,JOHOR"
420,00d0607552804,00p0667640773,8.0,17449,TSHPOWERHARDWARETRADING,"13-1, JALAN PJU 5/10, DQTARAN SUNWAY, KOTA DAMANSARA, 47810, PETALING JAYA, SELANGOR"
421,00d0930697230,00p0115694764,28.5,17656,OLDTOWNOPITIAMSDNBHD,"NO,35, JALAN KEBUDAYAAN 8, TAMAN UNIVERSITY,8I300 SKUDAI, JOHOR"
422,00d0426803895,00p0249299212,31.8,17609,BONSENGPAPERSDBHD,"12, JAALN BUNGA TANJUNFG,2/16 SEKSYEN 2,40000 SHAH ALAM, SELANGOR"
423,00d0638988191,00p0432994198,31.8,17457,GRDENIABAKERIESKLSDNBHD,"LOT 3, JALAN ELABUR 23/1, 40300 SHAH ALAM, SELANGOR."
424,00d0121880972,00p0943973787,100.99,17603,YYONYTTHARDWARETRADING,"NO 4,JALAN PERJIRANAN 100, TAMAN AIR BIRU, 8170 PASIR GUDANG, JOHOR."
425,00d0664097059,00p0544980218,31.45,17482,MPHBOOKSTORESDSNBHD,"LOT S319, 2ND FLOOR, 1 UTAMA SHOPPING CENTRE, NO1, LEBUH BANDAR UTAMA,47800P.JAYA"
426,00d0377572170,00p0616191740,165.0,17331,BEMEDSPDSNBHD,"NO.49, JALAN DINAR G U3/G,SUBANG PERDANA, 40150 SHAH ALAM, SELANGOR D.E."
427,00d0182384739,00p0477834691,39.78,17402,GARDENIABAKRIESKLSDNBHD,"LOT 3, JALAN PELABUR 23/1, 40300 SHAH ALAM, SELANGOR."
428,00d0953772440,00p0804023246,4.7,17301,BROADVIEWMARKETINGSDNBHD,"NO. 9-G, JALAN DINAR D U3/D TAMAN SUBANG PERDAAN, SEK,U3, 40150 SHAH ALAM,SELANGOR DD.E."
429,00d0534693438,00p0430763828,2.0,17626,THERTOIMANBAKEDY,"117, JALAN RADIN HAGUS, SRI PEIALING"
430,00d0964499840,00p0817023586,26.69,17549,GGERBNAGALAFRESTAURATSSDNBHD,"LEVEL 6, BANGUNAN TYH, DAMANSARA UPTOWN3 NO.3, JAIAN SS21/39,47400 PETALING JAYA SELANGOR"
431,00d0904741091,00p0249157522,8.7,17664,UNOIHAKKAINTERNATIONALSDNBHD,"12, JALAN TAMPOI 7/4,KAWZSAN PERINDUSTRIAN ATMPOI,81200 JOHOR BAHRU,JOHOR"
432,00d0674219107,00p0131025914,52.45,17380,PREMIOSTATIONERYSDNBHD,F-G-01 JALAN SS 6/5B DATARAN GLOMCA. KELANA JAYA 47001 PETALING JAYA. SELANGOR
433,00d0362311019,00p0166204246,2.1,16897,SPEEDARTSB,"LOT P.T. 33198, BATU 4 JALAN KAPAR, MUKIM KAPAR 42100 KLANG, SELANGOR 1174-PERMATA MAGNA"
434,00d0760304510,00p0947905633,8.6,0,MRDIYMSDNBBHD,"LOT 1 851 -A & 1851-B, JALAN KPB 6, KAWASAN PERINDUSTRIAN BALAKONG, 43300 SERI KEMBANGAN, SELANGOR"
435,00d0588374381,00p0171550031,32.5,17411,YSOONFATTSB,"LOT 1594, BATU 8 1/2, JALAN KLANG LAMA, 46000 PETALING JAYA, SELWANGOR."
436,00d0911267818,00p0763984016,143.3,16988,MRDIYKUCHAISDNBHD,"LOT 1851-A & 1851-B, JALAN KPB 6, KAWASAN PERINDUSTRIAN BALAKONG, 43300 SERI KEMBANGANN, SELANGOR"
437,00d0411132243,00p0772972704,84.19,17465,GARDENIABAKERIDSKLSDNBHD,"LOT 3, JALAN PELABUR 23/1, 40300 SHAH ALAM, SELANGOR."
438,00d0913770897,00p0520657247,112.45,17867,PERNJAGAANZHENGHU,NO.59 JALAN PERMAS 9/5 BANDAR BARU PERMAS JAYA 81760 JOHOR BAHRU
439,00d0308915412,00p0349016507,11.6,0,KFASUPLY,125A TUNGKAT BAWAH PT 1961 JALAN MALIINJA SITE B 45400 SEKINCHAN SELANGOR
440,00d0419719085,00p0617886989,118.35,17311,SEGICASHCARRYYSDNBHD,"PT17920 SFK U9, SSHAH ALAM"
441,00d0948775947,00p0493082902,3.76,17641,HAXINCONERESOURCESSDNBDH,"16A, JALAN ASTAKA U8/83, BUKIT JELUTONG 40159 SHAH ALAN, SFLANGOR D.E."
442,00d0564198512,00p0966556501,18.0,17231,BROADVIEWMARKETINGSDNNBHD,"ON. 9-G, JALAN DINAR D U3/D TAMAN SUBANG PERDANA, SEK,U3, 40150 SHAH ALAM,SELANGOR D.E."
443,00d0194796076,00p0121173329,37.55,17399,GARDENIABAKERIESKLSDNBHD,"LOT 3, JALAN PELABUR 23/1, 49300 SHHAH ALAM, SELANGOR."
444,00d0448828100,00p0649797797,8.0,17605,PERNIAGAANZHENGHUI,NO.59 JALAN PERMAS 9/5 BANDAR BARU PERMAS JAYA 81750 JOHOR BAHRU
445,00d0599930970,00p0267824528,247.55,17422,BECONSTATIKONERBECONENTERPRISESDNBHD,"NO.41G, JLN SS21/60, DAMANSARA UTAMA, 47400 PJ, SELANGOR."
446,00d0876837917,00p0612141573,56.0,17620,REAISTTOALOULMES,AUTOROUTE RABAT MEKNES 150090 KHEMISSET
447,00d0650437495,00p0408927089,41.78,17463,GAERDENIABAKERIESKLSNDBHD,"LOT 3, JALAN PELABUR 23/1, 40300 SHAH ALAM, SELANGOR."
448,00d0338048914,00p0885791620,127.52,17685,KEDAIPAPANYEWCHUAN,"LOT 276 JALAN BANTING 4380 DENGKIL, SELANGOR."
449,00d0626463001,00p0285038306,8.7,17593,UNIHAKKAINTERNATIONNALSDNBHD,"12, JALLAN TAMPOI 7/4,KAWASAN P ERINDUSTRIAN TAMPOI 81200 JOHOR BAHRU,JOHOR"
450,00d0389135415,00p0134025156,45.0,0,MRDIYKUCHAISDNBHD,"LOT 18551-A & 1851-B, JALAH KPB 6, KAWASAN PERINDUSTRIAN BALAKONG, 4330 SERI KEMBANGAN, SELANGOR"
451,00d0886341707,00p0151413045,164.0,17677,DIMILIKIOLEHDOVEHOIDINGSSDNBHD,"LOT S25, AEON TEBRAU CITY JUSCO NO 1, ILN DESA TEBRAU, TMN DESA TEBRAU, 81100 JOHOR BAHRU, JOHOR"
452,00d0435587221,00p0565254218,0.36,17544,SYARIKATPERNIAGAANGINKEE,"NO 290, JALAN AIR PANAS, SETAPAK, 53200, KUALA LUMPUR."
453,00d0422368687,00p0788296642,7.7,17870,VERBENAGONFECTIONERYSDNBHD,"1, AJLAN SUTERA TANJUNG 8/4, TMN SUTERA UTAMZ, 81300 SKUDAI, JB."
454,00d0920899195,00p0168791540,65.56,17777,RESTAURANTJIAWEIJIAWEIHOUSE,"13, JLN TASIK UTAMA 8 MEDAN NIAGA DAMAI SG BESI 57000 KL"
455,00d0450998902,00p0290159783,60.0,17837,ELTETRAXMARKETIGNSDNBHD,"LOT 1F-01&02,01ST FLR,PARADIGM MALL, NO. 1 JALAN SS 7/26A, KELANA JAYA, 47301 PETALING JAYA"
456,00d0530724847,00p0957016018,6.0,17609,RESTROANWANSHENG,"NO.2, JALAN TEMENGGUNG 19/9, SEKSYEN 9,  BANDAR MAHKOTA CHERASS, 43200 CHERAS, SELANGOR"
457,00d0935614053,00p0668350636,79.1,17617,LIANHIJNSTATIONERYSDNBHD,"NO.32 & 33, JALAN SR 1/9, SEKSYEN 9, TAMAN SERDANG ERAYA, 43300 SERI KEMBANGAN, SELANGOR DARUL EHSAN"
458,00d0787822677,00p0328451488,30.7,17668,DEMAXIMUMTHAIEXPRESSSDNBHD,"BLK 2, UNIT G1 & G2, BESTARI TERRACE, LOT PTD 182908 & PTD 143216, JALAN DANGA, TAMAN NUSA BESTARI, 81300"
459,00d0885837043,00p0395475430,39.0,17584,NADEJEPRESTIGESDNBYD,"LOT NO. : G1 . 116A,GROUND FLOOR , SUNWAY PYRAMID , NO.3, JALAN PJS 11/15, BANDAR SUNWAY , 4750 PETALING JAYA."
460,00d0726102139,00p0126011232,43.7,17351,SANYUSTATIONERYHSOP,"NO. 31G&33G, JALAN SETIA INDAAH X,U13/X 40170 SERTIA ALAM"
461,00d0177909385,00p0482629744,555.1,17545,TEOHENGSTATIONERYBOKS,"NO.53, JALAN BESAR, 45600 GATANG BEJUNTAL SELANGOR DARUL EHSAN"
462,00d0764796072,00p0664046493,7.2,17637,AMPANGFIRSTCIYTPPARKINGSDNBHD,"A-09-10 PRIMA AVENUE THE TUBE, 1/39, D ATARAN PRIMA 46301 PETALING JAYA SELANGOR DE"
463,00d0242366463,00p0778749877,8.95,17013,YAMFRESH,"NO.145G, JALAN RIMBUNAN RAYA 1, LAMAN RIMBIUNAN KEPONG, 52100 KUALA LUMPUR"
464,00d0844880238,00p0766704342,9.2,17614,UNJHAKKAINTERNATIONALSDNBHD,"12, JALAN TAMPOI 7/4,KAWASAN PERINDUSTRIAN TAMPOI,81200 JOHOR BAHRU,JOHOR"
465,00d0439076290,00p0608557804,68.1,16913,MRDIYMSDNBHD,"LOT 151-A & 1851-B, JALAN KPB 6, KAWASAN PERINDUSTRIAN BALAKONG, 43300 SERI KEMBANGAN,SELANGOR"
466,00d0171220341,00p0715773213,116.28,17836,SYARIKATPERNIAGAANGINKEE,"NO 290, JALAN AIR PANAS, SETAPAK, 53200, KUALA LUMPUR."
467,00d0827574327,00p0122778094,25.1,17177,SPEEDMARTSB,"LOT P.T. 2811, JALAN ANGSA, TAMAN BERKELEY 41150 KLANG, SELANOGR 1214-JINJANG UTARA"
468,00d0159988592,00p0886804274,8.7,0,UNIHAKKAINTERNATIONALSDNBHD,"12,JALAN TAMPOI 7/4,KAWASAN PERINDUSTRIAN TAMPOI,81200 JOHOR BAHRU,JOHOR"
469,00d0432757654,00p0442168254,27.0,0,ENWHARDWARECENTREMSNDBHD,"NO: G3, BLK G, JNL PJU 1A/3, ARA DAMANSARA, 47301 PETALING JAYA, SELANGOR DARUL EHSAN."
470,00d0338418904,00p0719047134,30.9,17853,RMDIYMSNBHD,"LOT 41851-A & 1851-B, JALAN KPB 6, KAWASAN PERINDUSTRIAN BALAKONG, 43300 SERI KEMBANGAN, SELANGOR (TESCO PTRA NILAI)"
471,00d0692025607,00p0688673200,7.0,17868,RESTTORANWANSHENG,"NO.2, JALAN TEMENGGUNG 19/9, SEKSYEN 9, BANDAR MAHKOTA CHERAS, 43200 C HERAS, SELANGOR"
472,00d0366175414,00p0519901459,7.0,17639,UNIHAKKAINTERNATIONALSDNBHD,"12, JALAN TAMPOI 7/4,KAWASAJN PERINDUSTRIAN TAMPOI,81200 JOHOR BAHRU,JOHOR"
473,00d0289417092,00p0773510088,15.1,17502,HOMEMASTERHARDWAREELECTRICAL,"NO.113G & 115G, JALAN SETIA GEMBILANG U13/BG BANDAR SETIA ALAM, 40170 NBANDAR SETIA ALAM, SELANGOR."
474,00d0116788763,00p0903716403,9.1,17839,MRDIYMSDNNBHD,"LOT 1851-A & 1851-B, JALAN KPB 6, KAWASAN PERINDUSTRIAN BALAKONG, 43300 SERI KEMBANGAN, SELANGOR"
475,00d0553233477,00p0677861166,21.5,17578,GOLDENSCOOPSDNBHD,"A-16-1, TOWER A, NORTHPOINT OFFICE, MID VALLEY CITY, NO1, MEDAN SYED PUTRA UTARA KUALA LUMPUUR MALAYSIA"
476,00d0366117594,00p0353047505,8.4,17611,ANZELADVERTISINGMSDNBHD,"UNIT G-5B, GROUND FLOOR, WISMA UOA II, NOO 21, JALAN PINANG, 50450 KUALA LUMPUR,MALAYSIA"
477,00d0968376605,00p0984408154,189.11,17148,GREENIANEPHARMACYSDNBHD,"33 JLN BANGAU 1,KEPONG BARU, 52100 KEPONG,KL"
478,00d0159517738,00p0438758078,24.4,17392,PSEEDMARTSB,"LOT P.T. 2811, JALAN ANGASA, TAMAN BERKELEY 41150 KLABG, SELANGOR 1243-JLN PUDU ULU"
479,00d0884773399,00p0458217295,66.9,17617,UNIHAKAINTEENQATIONALSDNBHD,"12, JALAN ATMPOI 7/4,KAWASAN PARINDUSTRIAN TAMPOI,81200 JOHOR BAHRU, JOHOR"
480,00d0930689679,00p0824784259,7.24,17209,SYARIKATTPERNIAGAANGNKEE,"NO 290, JALAN AIR PANAS. SETAPAK. 53200, KUALA LUMPUR."
481,00d0815885891,00p0808351813,75.0,17637,WESTERNEASETRNSTTIONERYSDNBHD," 42-46, JLN SULTAN ZALAN SHAH 51200 KUALALUMPUR"
482,00d0963161084,00p0964319972,21.37,17279,TIMESBOOKSTORES,"LOT F21 & 22, CIT TA MALL NO 1, JLN PJU 1A/4 47301"
483,00d0817657245,00p0808078518,3.9,17470,SANYYUSTATIOBERYSHOP,"NO. 31G&33G, JALAN SETIA INDAH X ,U13/X 40170 SETIA ALAM"
484,00d0818597221,00p0953555728,888.95,17590,AWONCOMBHD,"3RD FLR, AEON TAKAN MALURI SC JLN JEJAKA, TAMAN MALURI CHERAS ,55100 KUALA LUMPUR"
485,00d0400234172,00p0608933157,68.41,17325,GARDENIABAKERIESKLSDNPHD,"LOT 3, JALAN PELABUR 23/1, 40300 SHAH ALAM, SELANGOR."
486,00d0186887844,00p0333856318,26.16,0,MRDIYSDNBHD,"LOT 15851-A & 1851-B, JALAN KPB 6, KAWASAN PERINDUSTRIAN BALAKONG, 43300 SERI KEMBANGAN, SELANGOR"
487,00d0797433528,00p0300758854,37.8,17381,MRDIYKUCHAISDNBHD,"LOT 1851-A & 1851-B, JALAN KPNBB 6, KAWASAN PERINDUSTRIAN BALAKONG, 43300 SERI KEMBANGAN, SELANGOR"
488,00d0976607312,00p0264582387,9.91,17582,SPEDMARTSB,"LOT P.T. 2811, JAPAN ANGSA, TAMAN BERKELEY 41150 KLANG, SELANGOR 1249-TMN PANDAN CAHAYA"
489,00d0849102191,00p0452419266,10.7,17678,UNIHAKKAINTERNATIONALSDNBHD,"21, JALAN TAMPOI 7/4,KKAWASAN PERINDUSTRIANTAMPOI,8120 JOHOR BHRU,JOHOR"
490,00d0892818805,00p0762283684,95.5,17175,GARDENIABAKERIESJKLDSNBHD,"LOT 3, JALAN PELABUR 2 3/1, 40300 SHAH ALAM, SELANGOR."
491,00d0555910882,00p0495564015,10.45,17618,AXVANCOCOMAPNY,"NO 1&3, JALAN WANGSA DELIMA 12, WANGSAA LINK, WANGSA MAJU, 53 300 KUALA LUMPUR"
492,00d0343987945,00p0568347014,5.0,17238,TRISHAASSDNBHD,"4-20, JALA RIA 25/62 TAMAN SRI MUDA SEKSYEN 25, 40400 SHAH ALAM SELANGOR"
493,00d0453489586,00p0665705880,0.2,17643,AEONCOMSDNBHD,"3RD FLR, AEON TAMAN MALURI SC JLN JEJAKA, TA MAN MALURI CHERAS, 55100 KUALA LUMPUR"
494,00d0223498663,00p0611347643,29.3,17160,GOLDENARCHESRESTAURANTSSDNBHD,"LEVEL 6, BANGUNAN TH, DAMANSARA UPTOWN3 NO.3, JALAN SS21/39,47400 PETALING JAYA SELANGOR"
495,00d0206227401,00p0603265655,8.7,17385,SANYUSTATIONERYSHOP,"NO. 31G&3G, JALAN SETIA INDAH X ,U13/X 40170 SETIA ALAM"
496,00d0898930568,00p0751192439,2.5,17555,SPEEDMARTSB,"LOT P.T. 281 1, JALAN ANGSA, TAMAN BERKELEY 41150 KLANG, SELANGOR 1076-IJOK"
497,00d0397644256,00p0962484273,63.8,17584,BILLIONSIXENTERPRISE,"NO 3, JALAN TAMAN JAS'A 2; . SECTION U6, 40150 SHAH ALAM."
498,00d0692152542,00p0804207368,5.88,17310,SABNYUSTATIONERYSHOP,"NO. 31G&33G, JALAN SETIA INDAH X ,UU13/X 4170 SETIA  ALAM"
